key_size,outsize,internal_threads,external_threads,enc_mode,implementation,one_way_mix_type,fanout,time
16000000,1048576,4,1,ctr,xkcp-turboshake128,none,10,47.60
16000000,1048576,4,1,ctr,xkcp-turboshake128,none,10,46.14
16000000,1048576,4,1,ctr,xkcp-turboshake128,none,10,45.79
16000000,1048576,4,1,ctr,xkcp-turboshake128,none,10,45.31
16000000,1048576,4,1,ctr,xkcp-turboshake128,none,10,42.60
16000000,10485760,4,1,ctr,xkcp-turboshake128,none,10,46.42
16000000,10485760,4,1,ctr,xkcp-turboshake128,none,10,46.64
16000000,10485760,4,1,ctr,xkcp-turboshake128,none,10,45.41
16000000,10485760,4,1,ctr,xkcp-turboshake128,none,10,46.28
16000000,10485760,4,1,ctr,xkcp-turboshake128,none,10,46.12
16000000,104857600,4,1,ctr,xkcp-turboshake128,none,10,360.07
16000000,104857600,4,1,ctr,xkcp-turboshake128,none,10,327.87
16000000,104857600,4,1,ctr,xkcp-turboshake128,none,10,318.95
16000000,104857600,4,1,ctr,xkcp-turboshake128,none,10,323.84
16000000,104857600,4,1,ctr,xkcp-turboshake128,none,10,318.48
16000000,1073741824,4,1,ctr,xkcp-turboshake128,none,10,3599.77
16000000,1073741824,4,1,ctr,xkcp-turboshake128,none,10,3165.07
16000000,1073741824,4,1,ctr,xkcp-turboshake128,none,10,3158.12
16000000,1073741824,4,1,ctr,xkcp-turboshake128,none,10,3149.99
16000000,1073741824,4,1,ctr,xkcp-turboshake128,none,10,3135.23
16000000,10737418240,4,1,ctr,xkcp-turboshake128,none,10,35249.14
16000000,10737418240,4,1,ctr,xkcp-turboshake128,none,10,31162.19
16000000,10737418240,4,1,ctr,xkcp-turboshake128,none,10,31090.98
16000000,10737418240,4,1,ctr,xkcp-turboshake128,none,10,31134.20
16000000,10737418240,4,1,ctr,xkcp-turboshake128,none,10,31055.27
16000000,107374182400,4,1,ctr,xkcp-turboshake128,none,10,310178.62
16000000,107374182400,4,1,ctr,xkcp-turboshake128,none,10,309859.40
16000000,107374182400,4,1,ctr,xkcp-turboshake128,none,10,309472.51
16000000,107374182400,4,1,ctr,xkcp-turboshake128,none,10,309294.69
16000000,107374182400,4,1,ctr,xkcp-turboshake128,none,10,309975.54
160000000,1048576,4,1,ctr,xkcp-turboshake128,none,10,432.57
160000000,1048576,4,1,ctr,xkcp-turboshake128,none,10,417.97
160000000,1048576,4,1,ctr,xkcp-turboshake128,none,10,423.28
160000000,1048576,4,1,ctr,xkcp-turboshake128,none,10,401.25
160000000,1048576,4,1,ctr,xkcp-turboshake128,none,10,416.09
160000000,10485760,4,1,ctr,xkcp-turboshake128,none,10,433.11
160000000,10485760,4,1,ctr,xkcp-turboshake128,none,10,431.94
160000000,10485760,4,1,ctr,xkcp-turboshake128,none,10,456.06
160000000,10485760,4,1,ctr,xkcp-turboshake128,none,10,437.30
160000000,10485760,4,1,ctr,xkcp-turboshake128,none,10,422.39
160000000,104857600,4,1,ctr,xkcp-turboshake128,none,10,458.50
160000000,104857600,4,1,ctr,xkcp-turboshake128,none,10,429.67
160000000,104857600,4,1,ctr,xkcp-turboshake128,none,10,413.25
160000000,104857600,4,1,ctr,xkcp-turboshake128,none,10,435.63
160000000,104857600,4,1,ctr,xkcp-turboshake128,none,10,421.94
160000000,1073741824,4,1,ctr,xkcp-turboshake128,none,10,3329.87
160000000,1073741824,4,1,ctr,xkcp-turboshake128,none,10,2962.40
160000000,1073741824,4,1,ctr,xkcp-turboshake128,none,10,2864.46
160000000,1073741824,4,1,ctr,xkcp-turboshake128,none,10,2881.27
160000000,1073741824,4,1,ctr,xkcp-turboshake128,none,10,2968.62
160000000,10737418240,4,1,ctr,xkcp-turboshake128,none,10,31787.20
160000000,10737418240,4,1,ctr,xkcp-turboshake128,none,10,28146.35
160000000,10737418240,4,1,ctr,xkcp-turboshake128,none,10,28071.65
160000000,10737418240,4,1,ctr,xkcp-turboshake128,none,10,28148.39
160000000,10737418240,4,1,ctr,xkcp-turboshake128,none,10,28287.86
160000000,107374182400,4,1,ctr,xkcp-turboshake128,none,10,287747.07
160000000,107374182400,4,1,ctr,xkcp-turboshake128,none,10,287310.95
160000000,107374182400,4,1,ctr,xkcp-turboshake128,none,10,288127.53
160000000,107374182400,4,1,ctr,xkcp-turboshake128,none,10,287855.44
160000000,107374182400,4,1,ctr,xkcp-turboshake128,none,10,287782.27
1600000000,1048576,4,1,ctr,xkcp-turboshake128,none,10,4148.58
1600000000,1048576,4,1,ctr,xkcp-turboshake128,none,10,4002.77
1600000000,1048576,4,1,ctr,xkcp-turboshake128,none,10,4004.83
1600000000,1048576,4,1,ctr,xkcp-turboshake128,none,10,4011.97
1600000000,1048576,4,1,ctr,xkcp-turboshake128,none,10,4013.94
1600000000,10485760,4,1,ctr,xkcp-turboshake128,none,10,4027.38
1600000000,10485760,4,1,ctr,xkcp-turboshake128,none,10,4013.47
1600000000,10485760,4,1,ctr,xkcp-turboshake128,none,10,4027.28
1600000000,10485760,4,1,ctr,xkcp-turboshake128,none,10,4026.15
1600000000,10485760,4,1,ctr,xkcp-turboshake128,none,10,4033.22
1600000000,104857600,4,1,ctr,xkcp-turboshake128,none,10,4080.72
1600000000,104857600,4,1,ctr,xkcp-turboshake128,none,10,4085.05
1600000000,104857600,4,1,ctr,xkcp-turboshake128,none,10,4020.10
1600000000,104857600,4,1,ctr,xkcp-turboshake128,none,10,4028.22
1600000000,104857600,4,1,ctr,xkcp-turboshake128,none,10,4045.87
1600000000,1073741824,4,1,ctr,xkcp-turboshake128,none,10,4427.24
1600000000,1073741824,4,1,ctr,xkcp-turboshake128,none,10,4058.26
1600000000,1073741824,4,1,ctr,xkcp-turboshake128,none,10,4116.15
1600000000,1073741824,4,1,ctr,xkcp-turboshake128,none,10,4081.60
1600000000,1073741824,4,1,ctr,xkcp-turboshake128,none,10,4108.28
1600000000,10737418240,4,1,ctr,xkcp-turboshake128,none,10,30760.04
1600000000,10737418240,4,1,ctr,xkcp-turboshake128,none,10,27187.19
1600000000,10737418240,4,1,ctr,xkcp-turboshake128,none,10,27159.95
1600000000,10737418240,4,1,ctr,xkcp-turboshake128,none,10,27321.50
1600000000,10737418240,4,1,ctr,xkcp-turboshake128,none,10,27122.18
1600000000,107374182400,4,1,ctr,xkcp-turboshake128,none,10,278230.32
1600000000,107374182400,4,1,ctr,xkcp-turboshake128,none,10,277960.04
1600000000,107374182400,4,1,ctr,xkcp-turboshake128,none,10,277761.07
1600000000,107374182400,4,1,ctr,xkcp-turboshake128,none,10,278273.11
1600000000,107374182400,4,1,ctr,xkcp-turboshake128,none,10,278035.36
16000000000,1048576,4,1,ctr,xkcp-turboshake128,none,10,45949.66
16000000000,1048576,4,1,ctr,xkcp-turboshake128,none,10,46040.58
16000000000,1048576,4,1,ctr,xkcp-turboshake128,none,10,45540.73
16000000000,1048576,4,1,ctr,xkcp-turboshake128,none,10,45668.46
16000000000,1048576,4,1,ctr,xkcp-turboshake128,none,10,45435.84
16000000000,10485760,4,1,ctr,xkcp-turboshake128,none,10,45462.80
16000000000,10485760,4,1,ctr,xkcp-turboshake128,none,10,45058.15
16000000000,10485760,4,1,ctr,xkcp-turboshake128,none,10,45550.30
16000000000,10485760,4,1,ctr,xkcp-turboshake128,none,10,45415.22
16000000000,10485760,4,1,ctr,xkcp-turboshake128,none,10,45522.05
16000000000,104857600,4,1,ctr,xkcp-turboshake128,none,10,45572.18
16000000000,104857600,4,1,ctr,xkcp-turboshake128,none,10,45244.24
16000000000,104857600,4,1,ctr,xkcp-turboshake128,none,10,45617.49
16000000000,104857600,4,1,ctr,xkcp-turboshake128,none,10,45369.75
16000000000,104857600,4,1,ctr,xkcp-turboshake128,none,10,45526.51
16000000000,1073741824,4,1,ctr,xkcp-turboshake128,none,10,45855.98
16000000000,1073741824,4,1,ctr,xkcp-turboshake128,none,10,45338.07
16000000000,1073741824,4,1,ctr,xkcp-turboshake128,none,10,45288.43
16000000000,1073741824,4,1,ctr,xkcp-turboshake128,none,10,45188.53
16000000000,1073741824,4,1,ctr,xkcp-turboshake128,none,10,45518.11
16000000000,10737418240,4,1,ctr,xkcp-turboshake128,none,10,49412.91
16000000000,10737418240,4,1,ctr,xkcp-turboshake128,none,10,45619.36
16000000000,10737418240,4,1,ctr,xkcp-turboshake128,none,10,45637.83
16000000000,10737418240,4,1,ctr,xkcp-turboshake128,none,10,45365.59
16000000000,10737418240,4,1,ctr,xkcp-turboshake128,none,10,45413.72
16000000000,107374182400,4,1,ctr,xkcp-turboshake128,none,10,324526.76
16000000000,107374182400,4,1,ctr,xkcp-turboshake128,none,10,319184.69
16000000000,107374182400,4,1,ctr,xkcp-turboshake128,none,10,319197.10
16000000000,107374182400,4,1,ctr,xkcp-turboshake128,none,10,319319.37
16000000000,107374182400,4,1,ctr,xkcp-turboshake128,none,10,319121.39
8388608,1048576,4,1,ctr,openssl-matyas-meyer-oseas,none,2,16.49
8388608,1048576,4,1,ctr,openssl-matyas-meyer-oseas,none,2,11.66
8388608,1048576,4,1,ctr,openssl-matyas-meyer-oseas,none,2,11.92
8388608,1048576,4,1,ctr,openssl-matyas-meyer-oseas,none,2,11.21
8388608,1048576,4,1,ctr,openssl-matyas-meyer-oseas,none,2,11.09
8388608,10485760,4,1,ctr,openssl-matyas-meyer-oseas,none,2,28.19
8388608,10485760,4,1,ctr,openssl-matyas-meyer-oseas,none,2,22.64
8388608,10485760,4,1,ctr,openssl-matyas-meyer-oseas,none,2,24.27
8388608,10485760,4,1,ctr,openssl-matyas-meyer-oseas,none,2,23.06
8388608,10485760,4,1,ctr,openssl-matyas-meyer-oseas,none,2,24.26
8388608,104857600,4,1,ctr,openssl-matyas-meyer-oseas,none,2,202.67
8388608,104857600,4,1,ctr,openssl-matyas-meyer-oseas,none,2,153.63
8388608,104857600,4,1,ctr,openssl-matyas-meyer-oseas,none,2,156.48
8388608,104857600,4,1,ctr,openssl-matyas-meyer-oseas,none,2,155.31
8388608,104857600,4,1,ctr,openssl-matyas-meyer-oseas,none,2,154.05
8388608,1073741824,4,1,ctr,openssl-matyas-meyer-oseas,none,2,2000.60
8388608,1073741824,4,1,ctr,openssl-matyas-meyer-oseas,none,2,1522.20
8388608,1073741824,4,1,ctr,openssl-matyas-meyer-oseas,none,2,1519.17
8388608,1073741824,4,1,ctr,openssl-matyas-meyer-oseas,none,2,1517.56
8388608,1073741824,4,1,ctr,openssl-matyas-meyer-oseas,none,2,1519.04
8388608,10737418240,4,1,ctr,openssl-matyas-meyer-oseas,none,2,19690.68
8388608,10737418240,4,1,ctr,openssl-matyas-meyer-oseas,none,2,15160.45
8388608,10737418240,4,1,ctr,openssl-matyas-meyer-oseas,none,2,15157.56
8388608,10737418240,4,1,ctr,openssl-matyas-meyer-oseas,none,2,15151.95
8388608,10737418240,4,1,ctr,openssl-matyas-meyer-oseas,none,2,15148.74
8388608,107374182400,4,1,ctr,openssl-matyas-meyer-oseas,none,2,153897.52
8388608,107374182400,4,1,ctr,openssl-matyas-meyer-oseas,none,2,155006.46
8388608,107374182400,4,1,ctr,openssl-matyas-meyer-oseas,none,2,154950.55
8388608,107374182400,4,1,ctr,openssl-matyas-meyer-oseas,none,2,155003.29
8388608,107374182400,4,1,ctr,openssl-matyas-meyer-oseas,none,2,155258.60
16777216,1048576,4,1,ctr,openssl-matyas-meyer-oseas,none,2,32.89
16777216,1048576,4,1,ctr,openssl-matyas-meyer-oseas,none,2,23.77
16777216,1048576,4,1,ctr,openssl-matyas-meyer-oseas,none,2,24.07
16777216,1048576,4,1,ctr,openssl-matyas-meyer-oseas,none,2,22.25
16777216,1048576,4,1,ctr,openssl-matyas-meyer-oseas,none,2,23.50
16777216,10485760,4,1,ctr,openssl-matyas-meyer-oseas,none,2,32.98
16777216,10485760,4,1,ctr,openssl-matyas-meyer-oseas,none,2,23.64
16777216,10485760,4,1,ctr,openssl-matyas-meyer-oseas,none,2,23.84
16777216,10485760,4,1,ctr,openssl-matyas-meyer-oseas,none,2,23.75
16777216,10485760,4,1,ctr,openssl-matyas-meyer-oseas,none,2,24.41
16777216,104857600,4,1,ctr,openssl-matyas-meyer-oseas,none,2,213.45
16777216,104857600,4,1,ctr,openssl-matyas-meyer-oseas,none,2,169.88
16777216,104857600,4,1,ctr,openssl-matyas-meyer-oseas,none,2,168.89
16777216,104857600,4,1,ctr,openssl-matyas-meyer-oseas,none,2,168.44
16777216,104857600,4,1,ctr,openssl-matyas-meyer-oseas,none,2,172.14
16777216,1073741824,4,1,ctr,openssl-matyas-meyer-oseas,none,2,1996.58
16777216,1073741824,4,1,ctr,openssl-matyas-meyer-oseas,none,2,1569.30
16777216,1073741824,4,1,ctr,openssl-matyas-meyer-oseas,none,2,1554.20
16777216,1073741824,4,1,ctr,openssl-matyas-meyer-oseas,none,2,1561.39
16777216,1073741824,4,1,ctr,openssl-matyas-meyer-oseas,none,2,1561.24
16777216,10737418240,4,1,ctr,openssl-matyas-meyer-oseas,none,2,19755.32
16777216,10737418240,4,1,ctr,openssl-matyas-meyer-oseas,none,2,15538.28
16777216,10737418240,4,1,ctr,openssl-matyas-meyer-oseas,none,2,15537.70
16777216,10737418240,4,1,ctr,openssl-matyas-meyer-oseas,none,2,15550.30
16777216,10737418240,4,1,ctr,openssl-matyas-meyer-oseas,none,2,15524.25
16777216,107374182400,4,1,ctr,openssl-matyas-meyer-oseas,none,2,158080.94
16777216,107374182400,4,1,ctr,openssl-matyas-meyer-oseas,none,2,157986.00
16777216,107374182400,4,1,ctr,openssl-matyas-meyer-oseas,none,2,157862.88
16777216,107374182400,4,1,ctr,openssl-matyas-meyer-oseas,none,2,157763.41
16777216,107374182400,4,1,ctr,openssl-matyas-meyer-oseas,none,2,157787.57
33554432,1048576,4,1,ctr,openssl-matyas-meyer-oseas,none,2,52.94
33554432,1048576,4,1,ctr,openssl-matyas-meyer-oseas,none,2,54.52
33554432,1048576,4,1,ctr,openssl-matyas-meyer-oseas,none,2,55.34
33554432,1048576,4,1,ctr,openssl-matyas-meyer-oseas,none,2,53.55
33554432,1048576,4,1,ctr,openssl-matyas-meyer-oseas,none,2,54.45
33554432,10485760,4,1,ctr,openssl-matyas-meyer-oseas,none,2,53.86
33554432,10485760,4,1,ctr,openssl-matyas-meyer-oseas,none,2,55.09
33554432,10485760,4,1,ctr,openssl-matyas-meyer-oseas,none,2,56.33
33554432,10485760,4,1,ctr,openssl-matyas-meyer-oseas,none,2,55.49
33554432,10485760,4,1,ctr,openssl-matyas-meyer-oseas,none,2,53.37
33554432,104857600,4,1,ctr,openssl-matyas-meyer-oseas,none,2,253.22
33554432,104857600,4,1,ctr,openssl-matyas-meyer-oseas,none,2,208.77
33554432,104857600,4,1,ctr,openssl-matyas-meyer-oseas,none,2,209.41
33554432,104857600,4,1,ctr,openssl-matyas-meyer-oseas,none,2,208.98
33554432,104857600,4,1,ctr,openssl-matyas-meyer-oseas,none,2,209.51
33554432,1073741824,4,1,ctr,openssl-matyas-meyer-oseas,none,2,2068.99
33554432,1073741824,4,1,ctr,openssl-matyas-meyer-oseas,none,2,1655.86
33554432,1073741824,4,1,ctr,openssl-matyas-meyer-oseas,none,2,1662.76
33554432,1073741824,4,1,ctr,openssl-matyas-meyer-oseas,none,2,1654.72
33554432,1073741824,4,1,ctr,openssl-matyas-meyer-oseas,none,2,1655.57
33554432,10737418240,4,1,ctr,openssl-matyas-meyer-oseas,none,2,20449.64
33554432,10737418240,4,1,ctr,openssl-matyas-meyer-oseas,none,2,16512.21
33554432,10737418240,4,1,ctr,openssl-matyas-meyer-oseas,none,2,16471.24
33554432,10737418240,4,1,ctr,openssl-matyas-meyer-oseas,none,2,16434.07
33554432,10737418240,4,1,ctr,openssl-matyas-meyer-oseas,none,2,16491.80
33554432,107374182400,4,1,ctr,openssl-matyas-meyer-oseas,none,2,179982.54
33554432,107374182400,4,1,ctr,openssl-matyas-meyer-oseas,none,2,180145.34
33554432,107374182400,4,1,ctr,openssl-matyas-meyer-oseas,none,2,180119.86
33554432,107374182400,4,1,ctr,openssl-matyas-meyer-oseas,none,2,179638.65
33554432,107374182400,4,1,ctr,openssl-matyas-meyer-oseas,none,2,179883.46
67108864,1048576,4,1,ctr,openssl-matyas-meyer-oseas,none,2,116.74
67108864,1048576,4,1,ctr,openssl-matyas-meyer-oseas,none,2,115.79
67108864,1048576,4,1,ctr,openssl-matyas-meyer-oseas,none,2,119.14
67108864,1048576,4,1,ctr,openssl-matyas-meyer-oseas,none,2,116.81
67108864,1048576,4,1,ctr,openssl-matyas-meyer-oseas,none,2,116.03
67108864,10485760,4,1,ctr,openssl-matyas-meyer-oseas,none,2,117.66
67108864,10485760,4,1,ctr,openssl-matyas-meyer-oseas,none,2,117.90
67108864,10485760,4,1,ctr,openssl-matyas-meyer-oseas,none,2,116.85
67108864,10485760,4,1,ctr,openssl-matyas-meyer-oseas,none,2,113.65
67108864,10485760,4,1,ctr,openssl-matyas-meyer-oseas,none,2,118.95
67108864,104857600,4,1,ctr,openssl-matyas-meyer-oseas,none,2,268.65
67108864,104857600,4,1,ctr,openssl-matyas-meyer-oseas,none,2,235.96
67108864,104857600,4,1,ctr,openssl-matyas-meyer-oseas,none,2,224.09
67108864,104857600,4,1,ctr,openssl-matyas-meyer-oseas,none,2,230.32
67108864,104857600,4,1,ctr,openssl-matyas-meyer-oseas,none,2,230.77
67108864,1073741824,4,1,ctr,openssl-matyas-meyer-oseas,none,2,2171.63
67108864,1073741824,4,1,ctr,openssl-matyas-meyer-oseas,none,2,1773.47
67108864,1073741824,4,1,ctr,openssl-matyas-meyer-oseas,none,2,1759.57
67108864,1073741824,4,1,ctr,openssl-matyas-meyer-oseas,none,2,1783.73
67108864,1073741824,4,1,ctr,openssl-matyas-meyer-oseas,none,2,1780.86
67108864,10737418240,4,1,ctr,openssl-matyas-meyer-oseas,none,2,21688.32
67108864,10737418240,4,1,ctr,openssl-matyas-meyer-oseas,none,2,17783.63
67108864,10737418240,4,1,ctr,openssl-matyas-meyer-oseas,none,2,17775.05
67108864,10737418240,4,1,ctr,openssl-matyas-meyer-oseas,none,2,17749.66
67108864,10737418240,4,1,ctr,openssl-matyas-meyer-oseas,none,2,17814.29
67108864,107374182400,4,1,ctr,openssl-matyas-meyer-oseas,none,2,191619.27
67108864,107374182400,4,1,ctr,openssl-matyas-meyer-oseas,none,2,191912.27
67108864,107374182400,4,1,ctr,openssl-matyas-meyer-oseas,none,2,191666.91
67108864,107374182400,4,1,ctr,openssl-matyas-meyer-oseas,none,2,192019.24
67108864,107374182400,4,1,ctr,openssl-matyas-meyer-oseas,none,2,191894.75
134217728,1048576,4,1,ctr,openssl-matyas-meyer-oseas,none,2,569.34
134217728,1048576,4,1,ctr,openssl-matyas-meyer-oseas,none,2,564.20
134217728,1048576,4,1,ctr,openssl-matyas-meyer-oseas,none,2,552.01
134217728,1048576,4,1,ctr,openssl-matyas-meyer-oseas,none,2,550.99
134217728,1048576,4,1,ctr,openssl-matyas-meyer-oseas,none,2,527.63
134217728,10485760,4,1,ctr,openssl-matyas-meyer-oseas,none,2,558.61
134217728,10485760,4,1,ctr,openssl-matyas-meyer-oseas,none,2,558.08
134217728,10485760,4,1,ctr,openssl-matyas-meyer-oseas,none,2,560.54
134217728,10485760,4,1,ctr,openssl-matyas-meyer-oseas,none,2,543.37
134217728,10485760,4,1,ctr,openssl-matyas-meyer-oseas,none,2,559.33
134217728,104857600,4,1,ctr,openssl-matyas-meyer-oseas,none,2,585.14
134217728,104857600,4,1,ctr,openssl-matyas-meyer-oseas,none,2,552.74
134217728,104857600,4,1,ctr,openssl-matyas-meyer-oseas,none,2,564.43
134217728,104857600,4,1,ctr,openssl-matyas-meyer-oseas,none,2,566.24
134217728,104857600,4,1,ctr,openssl-matyas-meyer-oseas,none,2,552.04
134217728,1073741824,4,1,ctr,openssl-matyas-meyer-oseas,none,2,4562.26
134217728,1073741824,4,1,ctr,openssl-matyas-meyer-oseas,none,2,4092.04
134217728,1073741824,4,1,ctr,openssl-matyas-meyer-oseas,none,2,4053.56
134217728,1073741824,4,1,ctr,openssl-matyas-meyer-oseas,none,2,4141.98
134217728,1073741824,4,1,ctr,openssl-matyas-meyer-oseas,none,2,4025.97
134217728,10737418240,4,1,ctr,openssl-matyas-meyer-oseas,none,2,42886.58
134217728,10737418240,4,1,ctr,openssl-matyas-meyer-oseas,none,2,39726.04
134217728,10737418240,4,1,ctr,openssl-matyas-meyer-oseas,none,2,40656.83
134217728,10737418240,4,1,ctr,openssl-matyas-meyer-oseas,none,2,41386.58
134217728,10737418240,4,1,ctr,openssl-matyas-meyer-oseas,none,2,41283.98
134217728,107374182400,4,1,ctr,openssl-matyas-meyer-oseas,none,2,434941.74
134217728,107374182400,4,1,ctr,openssl-matyas-meyer-oseas,none,2,432332.47
134217728,107374182400,4,1,ctr,openssl-matyas-meyer-oseas,none,2,432078.20
134217728,107374182400,4,1,ctr,openssl-matyas-meyer-oseas,none,2,432146.75
134217728,107374182400,4,1,ctr,openssl-matyas-meyer-oseas,none,2,432414.05
268435456,1048576,4,1,ctr,openssl-matyas-meyer-oseas,none,2,1133.40
268435456,1048576,4,1,ctr,openssl-matyas-meyer-oseas,none,2,1117.40
268435456,1048576,4,1,ctr,openssl-matyas-meyer-oseas,none,2,1113.80
268435456,1048576,4,1,ctr,openssl-matyas-meyer-oseas,none,2,1132.39
268435456,1048576,4,1,ctr,openssl-matyas-meyer-oseas,none,2,1096.39
268435456,10485760,4,1,ctr,openssl-matyas-meyer-oseas,none,2,1123.78
268435456,10485760,4,1,ctr,openssl-matyas-meyer-oseas,none,2,1108.72
268435456,10485760,4,1,ctr,openssl-matyas-meyer-oseas,none,2,1137.61
268435456,10485760,4,1,ctr,openssl-matyas-meyer-oseas,none,2,1119.66
268435456,10485760,4,1,ctr,openssl-matyas-meyer-oseas,none,2,1120.57
268435456,104857600,4,1,ctr,openssl-matyas-meyer-oseas,none,2,1155.75
268435456,104857600,4,1,ctr,openssl-matyas-meyer-oseas,none,2,1081.23
268435456,104857600,4,1,ctr,openssl-matyas-meyer-oseas,none,2,1131.23
268435456,104857600,4,1,ctr,openssl-matyas-meyer-oseas,none,2,1105.10
268435456,104857600,4,1,ctr,openssl-matyas-meyer-oseas,none,2,1090.52
268435456,1073741824,4,1,ctr,openssl-matyas-meyer-oseas,none,2,4743.73
268435456,1073741824,4,1,ctr,openssl-matyas-meyer-oseas,none,2,4246.75
268435456,1073741824,4,1,ctr,openssl-matyas-meyer-oseas,none,2,4301.97
268435456,1073741824,4,1,ctr,openssl-matyas-meyer-oseas,none,2,4272.47
268435456,1073741824,4,1,ctr,openssl-matyas-meyer-oseas,none,2,4338.59
268435456,10737418240,4,1,ctr,openssl-matyas-meyer-oseas,none,2,45350.22
268435456,10737418240,4,1,ctr,openssl-matyas-meyer-oseas,none,2,42500.75
268435456,10737418240,4,1,ctr,openssl-matyas-meyer-oseas,none,2,43650.58
268435456,10737418240,4,1,ctr,openssl-matyas-meyer-oseas,none,2,44085.34
268435456,10737418240,4,1,ctr,openssl-matyas-meyer-oseas,none,2,44432.74
268435456,107374182400,4,1,ctr,openssl-matyas-meyer-oseas,none,2,457811.34
268435456,107374182400,4,1,ctr,openssl-matyas-meyer-oseas,none,2,454496.17
268435456,107374182400,4,1,ctr,openssl-matyas-meyer-oseas,none,2,453264.41
268435456,107374182400,4,1,ctr,openssl-matyas-meyer-oseas,none,2,453197.07
268435456,107374182400,4,1,ctr,openssl-matyas-meyer-oseas,none,2,454328.59
536870912,1048576,4,1,ctr,openssl-matyas-meyer-oseas,none,2,2973.88
536870912,1048576,4,1,ctr,openssl-matyas-meyer-oseas,none,2,2972.19
536870912,1048576,4,1,ctr,openssl-matyas-meyer-oseas,none,2,2927.37
536870912,1048576,4,1,ctr,openssl-matyas-meyer-oseas,none,2,2979.85
536870912,1048576,4,1,ctr,openssl-matyas-meyer-oseas,none,2,2931.34
536870912,10485760,4,1,ctr,openssl-matyas-meyer-oseas,none,2,3097.23
536870912,10485760,4,1,ctr,openssl-matyas-meyer-oseas,none,2,2925.10
536870912,10485760,4,1,ctr,openssl-matyas-meyer-oseas,none,2,3009.23
536870912,10485760,4,1,ctr,openssl-matyas-meyer-oseas,none,2,2901.94
536870912,10485760,4,1,ctr,openssl-matyas-meyer-oseas,none,2,2923.20
536870912,104857600,4,1,ctr,openssl-matyas-meyer-oseas,none,2,3009.78
536870912,104857600,4,1,ctr,openssl-matyas-meyer-oseas,none,2,2896.07
536870912,104857600,4,1,ctr,openssl-matyas-meyer-oseas,none,2,3003.76
536870912,104857600,4,1,ctr,openssl-matyas-meyer-oseas,none,2,2913.41
536870912,104857600,4,1,ctr,openssl-matyas-meyer-oseas,none,2,2979.45
536870912,1073741824,4,1,ctr,openssl-matyas-meyer-oseas,none,2,6158.48
536870912,1073741824,4,1,ctr,openssl-matyas-meyer-oseas,none,2,5586.80
536870912,1073741824,4,1,ctr,openssl-matyas-meyer-oseas,none,2,5736.41
536870912,1073741824,4,1,ctr,openssl-matyas-meyer-oseas,none,2,5676.13
536870912,1073741824,4,1,ctr,openssl-matyas-meyer-oseas,none,2,5844.95
536870912,10737418240,4,1,ctr,openssl-matyas-meyer-oseas,none,2,58577.31
536870912,10737418240,4,1,ctr,openssl-matyas-meyer-oseas,none,2,56179.16
536870912,10737418240,4,1,ctr,openssl-matyas-meyer-oseas,none,2,57430.72
536870912,10737418240,4,1,ctr,openssl-matyas-meyer-oseas,none,2,58064.80
536870912,10737418240,4,1,ctr,openssl-matyas-meyer-oseas,none,2,57805.39
536870912,107374182400,4,1,ctr,openssl-matyas-meyer-oseas,none,2,594971.95
536870912,107374182400,4,1,ctr,openssl-matyas-meyer-oseas,none,2,595499.37
536870912,107374182400,4,1,ctr,openssl-matyas-meyer-oseas,none,2,589577.23
536870912,107374182400,4,1,ctr,openssl-matyas-meyer-oseas,none,2,592031.17
536870912,107374182400,4,1,ctr,openssl-matyas-meyer-oseas,none,2,592485.54
1073741824,1048576,4,1,ctr,openssl-matyas-meyer-oseas,none,2,7217.49
1073741824,1048576,4,1,ctr,openssl-matyas-meyer-oseas,none,2,7158.60
1073741824,1048576,4,1,ctr,openssl-matyas-meyer-oseas,none,2,7218.44
1073741824,1048576,4,1,ctr,openssl-matyas-meyer-oseas,none,2,7187.68
1073741824,1048576,4,1,ctr,openssl-matyas-meyer-oseas,none,2,6993.23
1073741824,10485760,4,1,ctr,openssl-matyas-meyer-oseas,none,2,7130.95
1073741824,10485760,4,1,ctr,openssl-matyas-meyer-oseas,none,2,7007.78
1073741824,10485760,4,1,ctr,openssl-matyas-meyer-oseas,none,2,7253.95
1073741824,10485760,4,1,ctr,openssl-matyas-meyer-oseas,none,2,6968.24
1073741824,10485760,4,1,ctr,openssl-matyas-meyer-oseas,none,2,6875.00
1073741824,104857600,4,1,ctr,openssl-matyas-meyer-oseas,none,2,7160.83
1073741824,104857600,4,1,ctr,openssl-matyas-meyer-oseas,none,2,6883.47
1073741824,104857600,4,1,ctr,openssl-matyas-meyer-oseas,none,2,7013.85
1073741824,104857600,4,1,ctr,openssl-matyas-meyer-oseas,none,2,7205.29
1073741824,104857600,4,1,ctr,openssl-matyas-meyer-oseas,none,2,6882.27
1073741824,1073741824,4,1,ctr,openssl-matyas-meyer-oseas,none,2,7454.53
1073741824,1073741824,4,1,ctr,openssl-matyas-meyer-oseas,none,2,7060.57
1073741824,1073741824,4,1,ctr,openssl-matyas-meyer-oseas,none,2,7096.22
1073741824,1073741824,4,1,ctr,openssl-matyas-meyer-oseas,none,2,6932.61
1073741824,1073741824,4,1,ctr,openssl-matyas-meyer-oseas,none,2,7212.52
1073741824,10737418240,4,1,ctr,openssl-matyas-meyer-oseas,none,2,72040.71
1073741824,10737418240,4,1,ctr,openssl-matyas-meyer-oseas,none,2,69053.75
1073741824,10737418240,4,1,ctr,openssl-matyas-meyer-oseas,none,2,69774.35
1073741824,10737418240,4,1,ctr,openssl-matyas-meyer-oseas,none,2,69441.04
1073741824,10737418240,4,1,ctr,openssl-matyas-meyer-oseas,none,2,70198.81
1073741824,107374182400,4,1,ctr,openssl-matyas-meyer-oseas,none,2,715500.12
1073741824,107374182400,4,1,ctr,openssl-matyas-meyer-oseas,none,2,719890.93
1073741824,107374182400,4,1,ctr,openssl-matyas-meyer-oseas,none,2,718466.05
1073741824,107374182400,4,1,ctr,openssl-matyas-meyer-oseas,none,2,717654.63
1073741824,107374182400,4,1,ctr,openssl-matyas-meyer-oseas,none,2,717211.45
2147483648,1048576,4,1,ctr,openssl-matyas-meyer-oseas,none,2,15622.44
2147483648,1048576,4,1,ctr,openssl-matyas-meyer-oseas,none,2,15688.74
2147483648,1048576,4,1,ctr,openssl-matyas-meyer-oseas,none,2,15898.87
2147483648,1048576,4,1,ctr,openssl-matyas-meyer-oseas,none,2,16072.76
2147483648,1048576,4,1,ctr,openssl-matyas-meyer-oseas,none,2,15968.76
2147483648,10485760,4,1,ctr,openssl-matyas-meyer-oseas,none,2,16070.61
2147483648,10485760,4,1,ctr,openssl-matyas-meyer-oseas,none,2,16032.83
2147483648,10485760,4,1,ctr,openssl-matyas-meyer-oseas,none,2,15888.23
2147483648,10485760,4,1,ctr,openssl-matyas-meyer-oseas,none,2,15958.89
2147483648,10485760,4,1,ctr,openssl-matyas-meyer-oseas,none,2,15997.22
2147483648,104857600,4,1,ctr,openssl-matyas-meyer-oseas,none,2,15727.18
2147483648,104857600,4,1,ctr,openssl-matyas-meyer-oseas,none,2,15799.16
2147483648,104857600,4,1,ctr,openssl-matyas-meyer-oseas,none,2,15935.91
2147483648,104857600,4,1,ctr,openssl-matyas-meyer-oseas,none,2,15968.68
2147483648,104857600,4,1,ctr,openssl-matyas-meyer-oseas,none,2,15894.91
2147483648,1073741824,4,1,ctr,openssl-matyas-meyer-oseas,none,2,16194.56
2147483648,1073741824,4,1,ctr,openssl-matyas-meyer-oseas,none,2,15860.42
2147483648,1073741824,4,1,ctr,openssl-matyas-meyer-oseas,none,2,15720.16
2147483648,1073741824,4,1,ctr,openssl-matyas-meyer-oseas,none,2,15942.09
2147483648,1073741824,4,1,ctr,openssl-matyas-meyer-oseas,none,2,16011.68
2147483648,10737418240,4,1,ctr,openssl-matyas-meyer-oseas,none,2,80199.96
2147483648,10737418240,4,1,ctr,openssl-matyas-meyer-oseas,none,2,76356.47
2147483648,10737418240,4,1,ctr,openssl-matyas-meyer-oseas,none,2,76721.55
2147483648,10737418240,4,1,ctr,openssl-matyas-meyer-oseas,none,2,76399.12
2147483648,10737418240,4,1,ctr,openssl-matyas-meyer-oseas,none,2,77055.83
2147483648,107374182400,4,1,ctr,openssl-matyas-meyer-oseas,none,2,784004.86
2147483648,107374182400,4,1,ctr,openssl-matyas-meyer-oseas,none,2,779189.34
2147483648,107374182400,4,1,ctr,openssl-matyas-meyer-oseas,none,2,778499.51
2147483648,107374182400,4,1,ctr,openssl-matyas-meyer-oseas,none,2,780185.27
2147483648,107374182400,4,1,ctr,openssl-matyas-meyer-oseas,none,2,779745.98
16000000,1048576,4,1,ctr-opt,xkcp-turboshake128,none,10,24.96
16000000,1048576,4,1,ctr-opt,xkcp-turboshake128,none,10,20.58
16000000,1048576,4,1,ctr-opt,xkcp-turboshake128,none,10,22.49
16000000,1048576,4,1,ctr-opt,xkcp-turboshake128,none,10,21.36
16000000,1048576,4,1,ctr-opt,xkcp-turboshake128,none,10,21.35
16000000,10485760,4,1,ctr-opt,xkcp-turboshake128,none,10,27.53
16000000,10485760,4,1,ctr-opt,xkcp-turboshake128,none,10,26.62
16000000,10485760,4,1,ctr-opt,xkcp-turboshake128,none,10,25.78
16000000,10485760,4,1,ctr-opt,xkcp-turboshake128,none,10,26.95
16000000,10485760,4,1,ctr-opt,xkcp-turboshake128,none,10,27.96
16000000,104857600,4,1,ctr-opt,xkcp-turboshake128,none,10,212.82
16000000,104857600,4,1,ctr-opt,xkcp-turboshake128,none,10,167.24
16000000,104857600,4,1,ctr-opt,xkcp-turboshake128,none,10,168.51
16000000,104857600,4,1,ctr-opt,xkcp-turboshake128,none,10,170.11
16000000,104857600,4,1,ctr-opt,xkcp-turboshake128,none,10,170.47
16000000,1073741824,4,1,ctr-opt,xkcp-turboshake128,none,10,2097.80
16000000,1073741824,4,1,ctr-opt,xkcp-turboshake128,none,10,1634.39
16000000,1073741824,4,1,ctr-opt,xkcp-turboshake128,none,10,1638.97
16000000,1073741824,4,1,ctr-opt,xkcp-turboshake128,none,10,1644.51
16000000,1073741824,4,1,ctr-opt,xkcp-turboshake128,none,10,1640.91
16000000,10737418240,4,1,ctr-opt,xkcp-turboshake128,none,10,20715.23
16000000,10737418240,4,1,ctr-opt,xkcp-turboshake128,none,10,16163.66
16000000,10737418240,4,1,ctr-opt,xkcp-turboshake128,none,10,16229.68
16000000,10737418240,4,1,ctr-opt,xkcp-turboshake128,none,10,16242.60
16000000,10737418240,4,1,ctr-opt,xkcp-turboshake128,none,10,16220.79
16000000,107374182400,4,1,ctr-opt,xkcp-turboshake128,none,10,173394.17
16000000,107374182400,4,1,ctr-opt,xkcp-turboshake128,none,10,173036.43
16000000,107374182400,4,1,ctr-opt,xkcp-turboshake128,none,10,173038.21
16000000,107374182400,4,1,ctr-opt,xkcp-turboshake128,none,10,173154.58
16000000,107374182400,4,1,ctr-opt,xkcp-turboshake128,none,10,173075.63
160000000,1048576,4,1,ctr-opt,xkcp-turboshake128,none,10,197.22
160000000,1048576,4,1,ctr-opt,xkcp-turboshake128,none,10,191.07
160000000,1048576,4,1,ctr-opt,xkcp-turboshake128,none,10,197.98
160000000,1048576,4,1,ctr-opt,xkcp-turboshake128,none,10,200.46
160000000,1048576,4,1,ctr-opt,xkcp-turboshake128,none,10,194.24
160000000,10485760,4,1,ctr-opt,xkcp-turboshake128,none,10,201.01
160000000,10485760,4,1,ctr-opt,xkcp-turboshake128,none,10,190.17
160000000,10485760,4,1,ctr-opt,xkcp-turboshake128,none,10,201.19
160000000,10485760,4,1,ctr-opt,xkcp-turboshake128,none,10,183.78
160000000,10485760,4,1,ctr-opt,xkcp-turboshake128,none,10,187.11
160000000,104857600,4,1,ctr-opt,xkcp-turboshake128,none,10,236.77
160000000,104857600,4,1,ctr-opt,xkcp-turboshake128,none,10,194.08
160000000,104857600,4,1,ctr-opt,xkcp-turboshake128,none,10,194.30
160000000,104857600,4,1,ctr-opt,xkcp-turboshake128,none,10,196.03
160000000,104857600,4,1,ctr-opt,xkcp-turboshake128,none,10,203.37
160000000,1073741824,4,1,ctr-opt,xkcp-turboshake128,none,10,1474.74
160000000,1073741824,4,1,ctr-opt,xkcp-turboshake128,none,10,1100.61
160000000,1073741824,4,1,ctr-opt,xkcp-turboshake128,none,10,1167.43
160000000,1073741824,4,1,ctr-opt,xkcp-turboshake128,none,10,1124.70
160000000,1073741824,4,1,ctr-opt,xkcp-turboshake128,none,10,1148.91
160000000,10737418240,4,1,ctr-opt,xkcp-turboshake128,none,10,14744.25
160000000,10737418240,4,1,ctr-opt,xkcp-turboshake128,none,10,10887.97
160000000,10737418240,4,1,ctr-opt,xkcp-turboshake128,none,10,11279.35
160000000,10737418240,4,1,ctr-opt,xkcp-turboshake128,none,10,11322.63
160000000,10737418240,4,1,ctr-opt,xkcp-turboshake128,none,10,10764.87
160000000,107374182400,4,1,ctr-opt,xkcp-turboshake128,none,10,136112.28
160000000,107374182400,4,1,ctr-opt,xkcp-turboshake128,none,10,135743.78
160000000,107374182400,4,1,ctr-opt,xkcp-turboshake128,none,10,136179.11
160000000,107374182400,4,1,ctr-opt,xkcp-turboshake128,none,10,136038.39
160000000,107374182400,4,1,ctr-opt,xkcp-turboshake128,none,10,136069.32
1600000000,1048576,4,1,ctr-opt,xkcp-turboshake128,none,10,1286.67
1600000000,1048576,4,1,ctr-opt,xkcp-turboshake128,none,10,1287.61
1600000000,1048576,4,1,ctr-opt,xkcp-turboshake128,none,10,1301.00
1600000000,1048576,4,1,ctr-opt,xkcp-turboshake128,none,10,1303.46
1600000000,1048576,4,1,ctr-opt,xkcp-turboshake128,none,10,1280.29
1600000000,10485760,4,1,ctr-opt,xkcp-turboshake128,none,10,1300.80
1600000000,10485760,4,1,ctr-opt,xkcp-turboshake128,none,10,1306.15
1600000000,10485760,4,1,ctr-opt,xkcp-turboshake128,none,10,1284.47
1600000000,10485760,4,1,ctr-opt,xkcp-turboshake128,none,10,1293.01
1600000000,10485760,4,1,ctr-opt,xkcp-turboshake128,none,10,1320.45
1600000000,104857600,4,1,ctr-opt,xkcp-turboshake128,none,10,1331.37
1600000000,104857600,4,1,ctr-opt,xkcp-turboshake128,none,10,1321.46
1600000000,104857600,4,1,ctr-opt,xkcp-turboshake128,none,10,1300.48
1600000000,104857600,4,1,ctr-opt,xkcp-turboshake128,none,10,1320.21
1600000000,104857600,4,1,ctr-opt,xkcp-turboshake128,none,10,1309.41
1600000000,1073741824,4,1,ctr-opt,xkcp-turboshake128,none,10,1633.97
1600000000,1073741824,4,1,ctr-opt,xkcp-turboshake128,none,10,1321.28
1600000000,1073741824,4,1,ctr-opt,xkcp-turboshake128,none,10,1323.30
1600000000,1073741824,4,1,ctr-opt,xkcp-turboshake128,none,10,1337.44
1600000000,1073741824,4,1,ctr-opt,xkcp-turboshake128,none,10,1313.68
1600000000,10737418240,4,1,ctr-opt,xkcp-turboshake128,none,10,11433.23
1600000000,10737418240,4,1,ctr-opt,xkcp-turboshake128,none,10,7724.45
1600000000,10737418240,4,1,ctr-opt,xkcp-turboshake128,none,10,7704.45
1600000000,10737418240,4,1,ctr-opt,xkcp-turboshake128,none,10,7766.23
1600000000,10737418240,4,1,ctr-opt,xkcp-turboshake128,none,10,7592.05
1600000000,107374182400,4,1,ctr-opt,xkcp-turboshake128,none,10,91015.21
1600000000,107374182400,4,1,ctr-opt,xkcp-turboshake128,none,10,90823.49
1600000000,107374182400,4,1,ctr-opt,xkcp-turboshake128,none,10,90779.50
1600000000,107374182400,4,1,ctr-opt,xkcp-turboshake128,none,10,90938.52
1600000000,107374182400,4,1,ctr-opt,xkcp-turboshake128,none,10,91212.48
16000000000,1048576,4,1,ctr-opt,xkcp-turboshake128,none,10,11897.42
16000000000,1048576,4,1,ctr-opt,xkcp-turboshake128,none,10,11876.06
16000000000,1048576,4,1,ctr-opt,xkcp-turboshake128,none,10,11806.63
16000000000,1048576,4,1,ctr-opt,xkcp-turboshake128,none,10,11865.52
16000000000,1048576,4,1,ctr-opt,xkcp-turboshake128,none,10,11867.65
16000000000,10485760,4,1,ctr-opt,xkcp-turboshake128,none,10,11848.00
16000000000,10485760,4,1,ctr-opt,xkcp-turboshake128,none,10,11855.42
16000000000,10485760,4,1,ctr-opt,xkcp-turboshake128,none,10,11892.63
16000000000,10485760,4,1,ctr-opt,xkcp-turboshake128,none,10,11886.67
16000000000,10485760,4,1,ctr-opt,xkcp-turboshake128,none,10,11868.50
16000000000,104857600,4,1,ctr-opt,xkcp-turboshake128,none,10,11897.18
16000000000,104857600,4,1,ctr-opt,xkcp-turboshake128,none,10,11845.07
16000000000,104857600,4,1,ctr-opt,xkcp-turboshake128,none,10,11860.28
16000000000,104857600,4,1,ctr-opt,xkcp-turboshake128,none,10,11888.26
16000000000,104857600,4,1,ctr-opt,xkcp-turboshake128,none,10,11857.25
16000000000,1073741824,4,1,ctr-opt,xkcp-turboshake128,none,10,12176.48
16000000000,1073741824,4,1,ctr-opt,xkcp-turboshake128,none,10,11799.19
16000000000,1073741824,4,1,ctr-opt,xkcp-turboshake128,none,10,11864.07
16000000000,1073741824,4,1,ctr-opt,xkcp-turboshake128,none,10,11843.89
16000000000,1073741824,4,1,ctr-opt,xkcp-turboshake128,none,10,11811.32
16000000000,10737418240,4,1,ctr-opt,xkcp-turboshake128,none,10,15585.34
16000000000,10737418240,4,1,ctr-opt,xkcp-turboshake128,none,10,11977.27
16000000000,10737418240,4,1,ctr-opt,xkcp-turboshake128,none,10,12045.62
16000000000,10737418240,4,1,ctr-opt,xkcp-turboshake128,none,10,11968.41
16000000000,10737418240,4,1,ctr-opt,xkcp-turboshake128,none,10,12010.25
16000000000,107374182400,4,1,ctr-opt,xkcp-turboshake128,none,10,89915.18
16000000000,107374182400,4,1,ctr-opt,xkcp-turboshake128,none,10,84711.43
16000000000,107374182400,4,1,ctr-opt,xkcp-turboshake128,none,10,84882.41
16000000000,107374182400,4,1,ctr-opt,xkcp-turboshake128,none,10,84764.92
16000000000,107374182400,4,1,ctr-opt,xkcp-turboshake128,none,10,85096.00
8388608,1048576,4,1,ctr-opt,openssl-matyas-meyer-oseas,none,2,4.47
8388608,1048576,4,1,ctr-opt,openssl-matyas-meyer-oseas,none,2,3.63
8388608,1048576,4,1,ctr-opt,openssl-matyas-meyer-oseas,none,2,3.80
8388608,1048576,4,1,ctr-opt,openssl-matyas-meyer-oseas,none,2,3.84
8388608,1048576,4,1,ctr-opt,openssl-matyas-meyer-oseas,none,2,3.92
8388608,10485760,4,1,ctr-opt,openssl-matyas-meyer-oseas,none,2,13.80
8388608,10485760,4,1,ctr-opt,openssl-matyas-meyer-oseas,none,2,8.03
8388608,10485760,4,1,ctr-opt,openssl-matyas-meyer-oseas,none,2,8.13
8388608,10485760,4,1,ctr-opt,openssl-matyas-meyer-oseas,none,2,8.79
8388608,10485760,4,1,ctr-opt,openssl-matyas-meyer-oseas,none,2,8.17
8388608,104857600,4,1,ctr-opt,openssl-matyas-meyer-oseas,none,2,102.12
8388608,104857600,4,1,ctr-opt,openssl-matyas-meyer-oseas,none,2,57.18
8388608,104857600,4,1,ctr-opt,openssl-matyas-meyer-oseas,none,2,56.98
8388608,104857600,4,1,ctr-opt,openssl-matyas-meyer-oseas,none,2,57.63
8388608,104857600,4,1,ctr-opt,openssl-matyas-meyer-oseas,none,2,56.62
8388608,1073741824,4,1,ctr-opt,openssl-matyas-meyer-oseas,none,2,1026.83
8388608,1073741824,4,1,ctr-opt,openssl-matyas-meyer-oseas,none,2,557.93
8388608,1073741824,4,1,ctr-opt,openssl-matyas-meyer-oseas,none,2,563.50
8388608,1073741824,4,1,ctr-opt,openssl-matyas-meyer-oseas,none,2,561.51
8388608,1073741824,4,1,ctr-opt,openssl-matyas-meyer-oseas,none,2,559.18
8388608,10737418240,4,1,ctr-opt,openssl-matyas-meyer-oseas,none,2,10027.02
8388608,10737418240,4,1,ctr-opt,openssl-matyas-meyer-oseas,none,2,5596.33
8388608,10737418240,4,1,ctr-opt,openssl-matyas-meyer-oseas,none,2,5608.95
8388608,10737418240,4,1,ctr-opt,openssl-matyas-meyer-oseas,none,2,5580.31
8388608,10737418240,4,1,ctr-opt,openssl-matyas-meyer-oseas,none,2,5600.84
8388608,107374182400,4,1,ctr-opt,openssl-matyas-meyer-oseas,none,2,56123.18
8388608,107374182400,4,1,ctr-opt,openssl-matyas-meyer-oseas,none,2,55640.85
8388608,107374182400,4,1,ctr-opt,openssl-matyas-meyer-oseas,none,2,56143.51
8388608,107374182400,4,1,ctr-opt,openssl-matyas-meyer-oseas,none,2,56093.79
8388608,107374182400,4,1,ctr-opt,openssl-matyas-meyer-oseas,none,2,56085.24
16777216,1048576,4,1,ctr-opt,openssl-matyas-meyer-oseas,none,2,7.88
16777216,1048576,4,1,ctr-opt,openssl-matyas-meyer-oseas,none,2,6.58
16777216,1048576,4,1,ctr-opt,openssl-matyas-meyer-oseas,none,2,6.09
16777216,1048576,4,1,ctr-opt,openssl-matyas-meyer-oseas,none,2,6.32
16777216,1048576,4,1,ctr-opt,openssl-matyas-meyer-oseas,none,2,6.22
16777216,10485760,4,1,ctr-opt,openssl-matyas-meyer-oseas,none,2,10.32
16777216,10485760,4,1,ctr-opt,openssl-matyas-meyer-oseas,none,2,7.42
16777216,10485760,4,1,ctr-opt,openssl-matyas-meyer-oseas,none,2,7.92
16777216,10485760,4,1,ctr-opt,openssl-matyas-meyer-oseas,none,2,7.61
16777216,10485760,4,1,ctr-opt,openssl-matyas-meyer-oseas,none,2,7.70
16777216,104857600,4,1,ctr-opt,openssl-matyas-meyer-oseas,none,2,104.36
16777216,104857600,4,1,ctr-opt,openssl-matyas-meyer-oseas,none,2,57.06
16777216,104857600,4,1,ctr-opt,openssl-matyas-meyer-oseas,none,2,56.41
16777216,104857600,4,1,ctr-opt,openssl-matyas-meyer-oseas,none,2,58.24
16777216,104857600,4,1,ctr-opt,openssl-matyas-meyer-oseas,none,2,57.53
16777216,1073741824,4,1,ctr-opt,openssl-matyas-meyer-oseas,none,2,960.57
16777216,1073741824,4,1,ctr-opt,openssl-matyas-meyer-oseas,none,2,518.25
16777216,1073741824,4,1,ctr-opt,openssl-matyas-meyer-oseas,none,2,521.50
16777216,1073741824,4,1,ctr-opt,openssl-matyas-meyer-oseas,none,2,523.46
16777216,1073741824,4,1,ctr-opt,openssl-matyas-meyer-oseas,none,2,520.16
16777216,10737418240,4,1,ctr-opt,openssl-matyas-meyer-oseas,none,2,9451.21
16777216,10737418240,4,1,ctr-opt,openssl-matyas-meyer-oseas,none,2,5212.43
16777216,10737418240,4,1,ctr-opt,openssl-matyas-meyer-oseas,none,2,5209.77
16777216,10737418240,4,1,ctr-opt,openssl-matyas-meyer-oseas,none,2,5208.86
16777216,10737418240,4,1,ctr-opt,openssl-matyas-meyer-oseas,none,2,5204.70
16777216,107374182400,4,1,ctr-opt,openssl-matyas-meyer-oseas,none,2,52641.75
16777216,107374182400,4,1,ctr-opt,openssl-matyas-meyer-oseas,none,2,52564.18
16777216,107374182400,4,1,ctr-opt,openssl-matyas-meyer-oseas,none,2,52575.16
16777216,107374182400,4,1,ctr-opt,openssl-matyas-meyer-oseas,none,2,52542.81
16777216,107374182400,4,1,ctr-opt,openssl-matyas-meyer-oseas,none,2,52567.49
33554432,1048576,4,1,ctr-opt,openssl-matyas-meyer-oseas,none,2,18.65
33554432,1048576,4,1,ctr-opt,openssl-matyas-meyer-oseas,none,2,12.01
33554432,1048576,4,1,ctr-opt,openssl-matyas-meyer-oseas,none,2,12.63
33554432,1048576,4,1,ctr-opt,openssl-matyas-meyer-oseas,none,2,12.24
33554432,1048576,4,1,ctr-opt,openssl-matyas-meyer-oseas,none,2,12.36
33554432,10485760,4,1,ctr-opt,openssl-matyas-meyer-oseas,none,2,19.55
33554432,10485760,4,1,ctr-opt,openssl-matyas-meyer-oseas,none,2,19.49
33554432,10485760,4,1,ctr-opt,openssl-matyas-meyer-oseas,none,2,19.95
33554432,10485760,4,1,ctr-opt,openssl-matyas-meyer-oseas,none,2,20.66
33554432,10485760,4,1,ctr-opt,openssl-matyas-meyer-oseas,none,2,20.14
33554432,104857600,4,1,ctr-opt,openssl-matyas-meyer-oseas,none,2,109.92
33554432,104857600,4,1,ctr-opt,openssl-matyas-meyer-oseas,none,2,62.08
33554432,104857600,4,1,ctr-opt,openssl-matyas-meyer-oseas,none,2,63.48
33554432,104857600,4,1,ctr-opt,openssl-matyas-meyer-oseas,none,2,63.70
33554432,104857600,4,1,ctr-opt,openssl-matyas-meyer-oseas,none,2,64.49
33554432,1073741824,4,1,ctr-opt,openssl-matyas-meyer-oseas,none,2,952.37
33554432,1073741824,4,1,ctr-opt,openssl-matyas-meyer-oseas,none,2,518.17
33554432,1073741824,4,1,ctr-opt,openssl-matyas-meyer-oseas,none,2,523.26
33554432,1073741824,4,1,ctr-opt,openssl-matyas-meyer-oseas,none,2,516.78
33554432,1073741824,4,1,ctr-opt,openssl-matyas-meyer-oseas,none,2,520.05
33554432,10737418240,4,1,ctr-opt,openssl-matyas-meyer-oseas,none,2,9357.85
33554432,10737418240,4,1,ctr-opt,openssl-matyas-meyer-oseas,none,2,5285.19
33554432,10737418240,4,1,ctr-opt,openssl-matyas-meyer-oseas,none,2,5252.53
33554432,10737418240,4,1,ctr-opt,openssl-matyas-meyer-oseas,none,2,5299.32
33554432,10737418240,4,1,ctr-opt,openssl-matyas-meyer-oseas,none,2,5267.75
33554432,107374182400,4,1,ctr-opt,openssl-matyas-meyer-oseas,none,2,69582.84
33554432,107374182400,4,1,ctr-opt,openssl-matyas-meyer-oseas,none,2,69193.41
33554432,107374182400,4,1,ctr-opt,openssl-matyas-meyer-oseas,none,2,69356.85
33554432,107374182400,4,1,ctr-opt,openssl-matyas-meyer-oseas,none,2,68971.28
33554432,107374182400,4,1,ctr-opt,openssl-matyas-meyer-oseas,none,2,68984.11
67108864,1048576,4,1,ctr-opt,openssl-matyas-meyer-oseas,none,2,31.93
67108864,1048576,4,1,ctr-opt,openssl-matyas-meyer-oseas,none,2,36.79
67108864,1048576,4,1,ctr-opt,openssl-matyas-meyer-oseas,none,2,42.40
67108864,1048576,4,1,ctr-opt,openssl-matyas-meyer-oseas,none,2,37.64
67108864,1048576,4,1,ctr-opt,openssl-matyas-meyer-oseas,none,2,38.22
67108864,10485760,4,1,ctr-opt,openssl-matyas-meyer-oseas,none,2,36.11
67108864,10485760,4,1,ctr-opt,openssl-matyas-meyer-oseas,none,2,36.43
67108864,10485760,4,1,ctr-opt,openssl-matyas-meyer-oseas,none,2,38.75
67108864,10485760,4,1,ctr-opt,openssl-matyas-meyer-oseas,none,2,39.40
67108864,10485760,4,1,ctr-opt,openssl-matyas-meyer-oseas,none,2,38.14
67108864,104857600,4,1,ctr-opt,openssl-matyas-meyer-oseas,none,2,103.31
67108864,104857600,4,1,ctr-opt,openssl-matyas-meyer-oseas,none,2,70.32
67108864,104857600,4,1,ctr-opt,openssl-matyas-meyer-oseas,none,2,78.18
67108864,104857600,4,1,ctr-opt,openssl-matyas-meyer-oseas,none,2,67.09
67108864,104857600,4,1,ctr-opt,openssl-matyas-meyer-oseas,none,2,72.99
67108864,1073741824,4,1,ctr-opt,openssl-matyas-meyer-oseas,none,2,893.53
67108864,1073741824,4,1,ctr-opt,openssl-matyas-meyer-oseas,none,2,530.91
67108864,1073741824,4,1,ctr-opt,openssl-matyas-meyer-oseas,none,2,517.13
67108864,1073741824,4,1,ctr-opt,openssl-matyas-meyer-oseas,none,2,519.82
67108864,1073741824,4,1,ctr-opt,openssl-matyas-meyer-oseas,none,2,526.69
67108864,10737418240,4,1,ctr-opt,openssl-matyas-meyer-oseas,none,2,9034.14
67108864,10737418240,4,1,ctr-opt,openssl-matyas-meyer-oseas,none,2,5219.66
67108864,10737418240,4,1,ctr-opt,openssl-matyas-meyer-oseas,none,2,5242.58
67108864,10737418240,4,1,ctr-opt,openssl-matyas-meyer-oseas,none,2,5200.99
67108864,10737418240,4,1,ctr-opt,openssl-matyas-meyer-oseas,none,2,5169.82
67108864,107374182400,4,1,ctr-opt,openssl-matyas-meyer-oseas,none,2,68987.10
67108864,107374182400,4,1,ctr-opt,openssl-matyas-meyer-oseas,none,2,68904.67
67108864,107374182400,4,1,ctr-opt,openssl-matyas-meyer-oseas,none,2,68760.81
67108864,107374182400,4,1,ctr-opt,openssl-matyas-meyer-oseas,none,2,68550.87
67108864,107374182400,4,1,ctr-opt,openssl-matyas-meyer-oseas,none,2,68507.48
134217728,1048576,4,1,ctr-opt,openssl-matyas-meyer-oseas,none,2,93.68
134217728,1048576,4,1,ctr-opt,openssl-matyas-meyer-oseas,none,2,98.03
134217728,1048576,4,1,ctr-opt,openssl-matyas-meyer-oseas,none,2,96.25
134217728,1048576,4,1,ctr-opt,openssl-matyas-meyer-oseas,none,2,89.61
134217728,1048576,4,1,ctr-opt,openssl-matyas-meyer-oseas,none,2,96.67
134217728,10485760,4,1,ctr-opt,openssl-matyas-meyer-oseas,none,2,98.13
134217728,10485760,4,1,ctr-opt,openssl-matyas-meyer-oseas,none,2,98.47
134217728,10485760,4,1,ctr-opt,openssl-matyas-meyer-oseas,none,2,92.92
134217728,10485760,4,1,ctr-opt,openssl-matyas-meyer-oseas,none,2,92.89
134217728,10485760,4,1,ctr-opt,openssl-matyas-meyer-oseas,none,2,91.22
134217728,104857600,4,1,ctr-opt,openssl-matyas-meyer-oseas,none,2,138.70
134217728,104857600,4,1,ctr-opt,openssl-matyas-meyer-oseas,none,2,102.12
134217728,104857600,4,1,ctr-opt,openssl-matyas-meyer-oseas,none,2,93.79
134217728,104857600,4,1,ctr-opt,openssl-matyas-meyer-oseas,none,2,95.27
134217728,104857600,4,1,ctr-opt,openssl-matyas-meyer-oseas,none,2,97.10
134217728,1073741824,4,1,ctr-opt,openssl-matyas-meyer-oseas,none,2,953.25
134217728,1073741824,4,1,ctr-opt,openssl-matyas-meyer-oseas,none,2,582.38
134217728,1073741824,4,1,ctr-opt,openssl-matyas-meyer-oseas,none,2,579.16
134217728,1073741824,4,1,ctr-opt,openssl-matyas-meyer-oseas,none,2,589.24
134217728,1073741824,4,1,ctr-opt,openssl-matyas-meyer-oseas,none,2,595.61
134217728,10737418240,4,1,ctr-opt,openssl-matyas-meyer-oseas,none,2,9180.54
134217728,10737418240,4,1,ctr-opt,openssl-matyas-meyer-oseas,none,2,5560.61
134217728,10737418240,4,1,ctr-opt,openssl-matyas-meyer-oseas,none,2,5517.06
134217728,10737418240,4,1,ctr-opt,openssl-matyas-meyer-oseas,none,2,5560.80
134217728,10737418240,4,1,ctr-opt,openssl-matyas-meyer-oseas,none,2,5602.82
134217728,107374182400,4,1,ctr-opt,openssl-matyas-meyer-oseas,none,2,78885.88
134217728,107374182400,4,1,ctr-opt,openssl-matyas-meyer-oseas,none,2,78887.93
134217728,107374182400,4,1,ctr-opt,openssl-matyas-meyer-oseas,none,2,78929.72
134217728,107374182400,4,1,ctr-opt,openssl-matyas-meyer-oseas,none,2,78931.26
134217728,107374182400,4,1,ctr-opt,openssl-matyas-meyer-oseas,none,2,78856.34
268435456,1048576,4,1,ctr-opt,openssl-matyas-meyer-oseas,none,2,186.03
268435456,1048576,4,1,ctr-opt,openssl-matyas-meyer-oseas,none,2,183.62
268435456,1048576,4,1,ctr-opt,openssl-matyas-meyer-oseas,none,2,177.13
268435456,1048576,4,1,ctr-opt,openssl-matyas-meyer-oseas,none,2,182.15
268435456,1048576,4,1,ctr-opt,openssl-matyas-meyer-oseas,none,2,186.11
268435456,10485760,4,1,ctr-opt,openssl-matyas-meyer-oseas,none,2,184.13
268435456,10485760,4,1,ctr-opt,openssl-matyas-meyer-oseas,none,2,194.76
268435456,10485760,4,1,ctr-opt,openssl-matyas-meyer-oseas,none,2,180.70
268435456,10485760,4,1,ctr-opt,openssl-matyas-meyer-oseas,none,2,182.11
268435456,10485760,4,1,ctr-opt,openssl-matyas-meyer-oseas,none,2,185.06
268435456,104857600,4,1,ctr-opt,openssl-matyas-meyer-oseas,none,2,227.08
268435456,104857600,4,1,ctr-opt,openssl-matyas-meyer-oseas,none,2,186.75
268435456,104857600,4,1,ctr-opt,openssl-matyas-meyer-oseas,none,2,184.18
268435456,104857600,4,1,ctr-opt,openssl-matyas-meyer-oseas,none,2,190.39
268435456,104857600,4,1,ctr-opt,openssl-matyas-meyer-oseas,none,2,185.87
268435456,1073741824,4,1,ctr-opt,openssl-matyas-meyer-oseas,none,2,975.47
268435456,1073741824,4,1,ctr-opt,openssl-matyas-meyer-oseas,none,2,618.72
268435456,1073741824,4,1,ctr-opt,openssl-matyas-meyer-oseas,none,2,615.19
268435456,1073741824,4,1,ctr-opt,openssl-matyas-meyer-oseas,none,2,627.46
268435456,1073741824,4,1,ctr-opt,openssl-matyas-meyer-oseas,none,2,614.00
268435456,10737418240,4,1,ctr-opt,openssl-matyas-meyer-oseas,none,2,9168.29
268435456,10737418240,4,1,ctr-opt,openssl-matyas-meyer-oseas,none,2,5578.81
268435456,10737418240,4,1,ctr-opt,openssl-matyas-meyer-oseas,none,2,5594.70
268435456,10737418240,4,1,ctr-opt,openssl-matyas-meyer-oseas,none,2,5617.54
268435456,10737418240,4,1,ctr-opt,openssl-matyas-meyer-oseas,none,2,5612.14
268435456,107374182400,4,1,ctr-opt,openssl-matyas-meyer-oseas,none,2,78867.71
268435456,107374182400,4,1,ctr-opt,openssl-matyas-meyer-oseas,none,2,78545.71
268435456,107374182400,4,1,ctr-opt,openssl-matyas-meyer-oseas,none,2,78629.56
268435456,107374182400,4,1,ctr-opt,openssl-matyas-meyer-oseas,none,2,78750.65
268435456,107374182400,4,1,ctr-opt,openssl-matyas-meyer-oseas,none,2,79129.77
536870912,1048576,4,1,ctr-opt,openssl-matyas-meyer-oseas,none,2,915.18
536870912,1048576,4,1,ctr-opt,openssl-matyas-meyer-oseas,none,2,927.53
536870912,1048576,4,1,ctr-opt,openssl-matyas-meyer-oseas,none,2,924.77
536870912,1048576,4,1,ctr-opt,openssl-matyas-meyer-oseas,none,2,930.07
536870912,1048576,4,1,ctr-opt,openssl-matyas-meyer-oseas,none,2,926.73
536870912,10485760,4,1,ctr-opt,openssl-matyas-meyer-oseas,none,2,937.56
536870912,10485760,4,1,ctr-opt,openssl-matyas-meyer-oseas,none,2,932.82
536870912,10485760,4,1,ctr-opt,openssl-matyas-meyer-oseas,none,2,930.48
536870912,10485760,4,1,ctr-opt,openssl-matyas-meyer-oseas,none,2,931.20
536870912,10485760,4,1,ctr-opt,openssl-matyas-meyer-oseas,none,2,923.61
536870912,104857600,4,1,ctr-opt,openssl-matyas-meyer-oseas,none,2,967.52
536870912,104857600,4,1,ctr-opt,openssl-matyas-meyer-oseas,none,2,921.09
536870912,104857600,4,1,ctr-opt,openssl-matyas-meyer-oseas,none,2,936.35
536870912,104857600,4,1,ctr-opt,openssl-matyas-meyer-oseas,none,2,935.44
536870912,104857600,4,1,ctr-opt,openssl-matyas-meyer-oseas,none,2,932.00
536870912,1073741824,4,1,ctr-opt,openssl-matyas-meyer-oseas,none,2,2137.64
536870912,1073741824,4,1,ctr-opt,openssl-matyas-meyer-oseas,none,2,1781.53
536870912,1073741824,4,1,ctr-opt,openssl-matyas-meyer-oseas,none,2,1774.67
536870912,1073741824,4,1,ctr-opt,openssl-matyas-meyer-oseas,none,2,1795.05
536870912,1073741824,4,1,ctr-opt,openssl-matyas-meyer-oseas,none,2,1780.80
536870912,10737418240,4,1,ctr-opt,openssl-matyas-meyer-oseas,none,2,20420.94
536870912,10737418240,4,1,ctr-opt,openssl-matyas-meyer-oseas,none,2,16881.50
536870912,10737418240,4,1,ctr-opt,openssl-matyas-meyer-oseas,none,2,16886.37
536870912,10737418240,4,1,ctr-opt,openssl-matyas-meyer-oseas,none,2,16898.88
536870912,10737418240,4,1,ctr-opt,openssl-matyas-meyer-oseas,none,2,16889.14
536870912,107374182400,4,1,ctr-opt,openssl-matyas-meyer-oseas,none,2,189107.95
536870912,107374182400,4,1,ctr-opt,openssl-matyas-meyer-oseas,none,2,189550.96
536870912,107374182400,4,1,ctr-opt,openssl-matyas-meyer-oseas,none,2,189616.19
536870912,107374182400,4,1,ctr-opt,openssl-matyas-meyer-oseas,none,2,189902.82
536870912,107374182400,4,1,ctr-opt,openssl-matyas-meyer-oseas,none,2,189828.74
1073741824,1048576,4,1,ctr-opt,openssl-matyas-meyer-oseas,none,2,2429.09
1073741824,1048576,4,1,ctr-opt,openssl-matyas-meyer-oseas,none,2,2405.80
1073741824,1048576,4,1,ctr-opt,openssl-matyas-meyer-oseas,none,2,2403.46
1073741824,1048576,4,1,ctr-opt,openssl-matyas-meyer-oseas,none,2,2401.39
1073741824,1048576,4,1,ctr-opt,openssl-matyas-meyer-oseas,none,2,2417.64
1073741824,10485760,4,1,ctr-opt,openssl-matyas-meyer-oseas,none,2,2414.90
1073741824,10485760,4,1,ctr-opt,openssl-matyas-meyer-oseas,none,2,2429.16
1073741824,10485760,4,1,ctr-opt,openssl-matyas-meyer-oseas,none,2,2413.16
1073741824,10485760,4,1,ctr-opt,openssl-matyas-meyer-oseas,none,2,2414.28
1073741824,10485760,4,1,ctr-opt,openssl-matyas-meyer-oseas,none,2,2386.07
1073741824,104857600,4,1,ctr-opt,openssl-matyas-meyer-oseas,none,2,2453.73
1073741824,104857600,4,1,ctr-opt,openssl-matyas-meyer-oseas,none,2,2418.16
1073741824,104857600,4,1,ctr-opt,openssl-matyas-meyer-oseas,none,2,2425.99
1073741824,104857600,4,1,ctr-opt,openssl-matyas-meyer-oseas,none,2,2421.78
1073741824,104857600,4,1,ctr-opt,openssl-matyas-meyer-oseas,none,2,2430.75
1073741824,1073741824,4,1,ctr-opt,openssl-matyas-meyer-oseas,none,2,2778.26
1073741824,1073741824,4,1,ctr-opt,openssl-matyas-meyer-oseas,none,2,2412.95
1073741824,1073741824,4,1,ctr-opt,openssl-matyas-meyer-oseas,none,2,2430.30
1073741824,1073741824,4,1,ctr-opt,openssl-matyas-meyer-oseas,none,2,2418.90
1073741824,1073741824,4,1,ctr-opt,openssl-matyas-meyer-oseas,none,2,2418.44
1073741824,10737418240,4,1,ctr-opt,openssl-matyas-meyer-oseas,none,2,26001.21
1073741824,10737418240,4,1,ctr-opt,openssl-matyas-meyer-oseas,none,2,22432.26
1073741824,10737418240,4,1,ctr-opt,openssl-matyas-meyer-oseas,none,2,22478.27
1073741824,10737418240,4,1,ctr-opt,openssl-matyas-meyer-oseas,none,2,22347.83
1073741824,10737418240,4,1,ctr-opt,openssl-matyas-meyer-oseas,none,2,22488.39
1073741824,107374182400,4,1,ctr-opt,openssl-matyas-meyer-oseas,none,2,243324.61
1073741824,107374182400,4,1,ctr-opt,openssl-matyas-meyer-oseas,none,2,243164.72
1073741824,107374182400,4,1,ctr-opt,openssl-matyas-meyer-oseas,none,2,243440.80
1073741824,107374182400,4,1,ctr-opt,openssl-matyas-meyer-oseas,none,2,243324.86
1073741824,107374182400,4,1,ctr-opt,openssl-matyas-meyer-oseas,none,2,243217.88
2147483648,1048576,4,1,ctr-opt,openssl-matyas-meyer-oseas,none,2,5355.71
2147483648,1048576,4,1,ctr-opt,openssl-matyas-meyer-oseas,none,2,5388.59
2147483648,1048576,4,1,ctr-opt,openssl-matyas-meyer-oseas,none,2,5371.46
2147483648,1048576,4,1,ctr-opt,openssl-matyas-meyer-oseas,none,2,5367.83
2147483648,1048576,4,1,ctr-opt,openssl-matyas-meyer-oseas,none,2,5357.86
2147483648,10485760,4,1,ctr-opt,openssl-matyas-meyer-oseas,none,2,5339.20
2147483648,10485760,4,1,ctr-opt,openssl-matyas-meyer-oseas,none,2,5333.98
2147483648,10485760,4,1,ctr-opt,openssl-matyas-meyer-oseas,none,2,5361.75
2147483648,10485760,4,1,ctr-opt,openssl-matyas-meyer-oseas,none,2,5328.14
2147483648,10485760,4,1,ctr-opt,openssl-matyas-meyer-oseas,none,2,5339.06
2147483648,104857600,4,1,ctr-opt,openssl-matyas-meyer-oseas,none,2,5354.95
2147483648,104857600,4,1,ctr-opt,openssl-matyas-meyer-oseas,none,2,5331.99
2147483648,104857600,4,1,ctr-opt,openssl-matyas-meyer-oseas,none,2,5340.13
2147483648,104857600,4,1,ctr-opt,openssl-matyas-meyer-oseas,none,2,5316.64
2147483648,104857600,4,1,ctr-opt,openssl-matyas-meyer-oseas,none,2,5386.16
2147483648,1073741824,4,1,ctr-opt,openssl-matyas-meyer-oseas,none,2,5699.34
2147483648,1073741824,4,1,ctr-opt,openssl-matyas-meyer-oseas,none,2,5336.80
2147483648,1073741824,4,1,ctr-opt,openssl-matyas-meyer-oseas,none,2,5348.32
2147483648,1073741824,4,1,ctr-opt,openssl-matyas-meyer-oseas,none,2,5326.95
2147483648,1073741824,4,1,ctr-opt,openssl-matyas-meyer-oseas,none,2,5378.27
2147483648,10737418240,4,1,ctr-opt,openssl-matyas-meyer-oseas,none,2,28917.77
2147483648,10737418240,4,1,ctr-opt,openssl-matyas-meyer-oseas,none,2,25366.44
2147483648,10737418240,4,1,ctr-opt,openssl-matyas-meyer-oseas,none,2,25438.24
2147483648,10737418240,4,1,ctr-opt,openssl-matyas-meyer-oseas,none,2,25317.91
2147483648,10737418240,4,1,ctr-opt,openssl-matyas-meyer-oseas,none,2,25389.99
2147483648,107374182400,4,1,ctr-opt,openssl-matyas-meyer-oseas,none,2,269114.58
2147483648,107374182400,4,1,ctr-opt,openssl-matyas-meyer-oseas,none,2,268491.05
2147483648,107374182400,4,1,ctr-opt,openssl-matyas-meyer-oseas,none,2,268145.16
2147483648,107374182400,4,1,ctr-opt,openssl-matyas-meyer-oseas,none,2,268553.97
2147483648,107374182400,4,1,ctr-opt,openssl-matyas-meyer-oseas,none,2,268325.01
8388608,1048576,4,1,ofb,openssl-aes-128,openssl-matyas-meyer-oseas,2,16.36
8388608,1048576,4,1,ofb,openssl-aes-128,openssl-matyas-meyer-oseas,2,10.55
8388608,1048576,4,1,ofb,openssl-aes-128,openssl-matyas-meyer-oseas,2,10.83
8388608,1048576,4,1,ofb,openssl-aes-128,openssl-matyas-meyer-oseas,2,10.10
8388608,1048576,4,1,ofb,openssl-aes-128,openssl-matyas-meyer-oseas,2,10.00
8388608,10485760,4,1,ofb,openssl-aes-128,openssl-matyas-meyer-oseas,2,33.08
8388608,10485760,4,1,ofb,openssl-aes-128,openssl-matyas-meyer-oseas,2,26.56
8388608,10485760,4,1,ofb,openssl-aes-128,openssl-matyas-meyer-oseas,2,27.63
8388608,10485760,4,1,ofb,openssl-aes-128,openssl-matyas-meyer-oseas,2,27.00
8388608,10485760,4,1,ofb,openssl-aes-128,openssl-matyas-meyer-oseas,2,26.53
8388608,104857600,4,1,ofb,openssl-aes-128,openssl-matyas-meyer-oseas,2,236.22
8388608,104857600,4,1,ofb,openssl-aes-128,openssl-matyas-meyer-oseas,2,200.47
8388608,104857600,4,1,ofb,openssl-aes-128,openssl-matyas-meyer-oseas,2,198.56
8388608,104857600,4,1,ofb,openssl-aes-128,openssl-matyas-meyer-oseas,2,197.94
8388608,104857600,4,1,ofb,openssl-aes-128,openssl-matyas-meyer-oseas,2,199.99
8388608,1073741824,4,1,ofb,openssl-aes-128,openssl-matyas-meyer-oseas,2,2405.13
8388608,1073741824,4,1,ofb,openssl-aes-128,openssl-matyas-meyer-oseas,2,1965.27
8388608,1073741824,4,1,ofb,openssl-aes-128,openssl-matyas-meyer-oseas,2,1965.83
8388608,1073741824,4,1,ofb,openssl-aes-128,openssl-matyas-meyer-oseas,2,1968.47
8388608,1073741824,4,1,ofb,openssl-aes-128,openssl-matyas-meyer-oseas,2,1974.63
8388608,10737418240,4,1,ofb,openssl-aes-128,openssl-matyas-meyer-oseas,2,24090.53
8388608,10737418240,4,1,ofb,openssl-aes-128,openssl-matyas-meyer-oseas,2,19760.27
8388608,10737418240,4,1,ofb,openssl-aes-128,openssl-matyas-meyer-oseas,2,19846.14
8388608,10737418240,4,1,ofb,openssl-aes-128,openssl-matyas-meyer-oseas,2,19808.18
8388608,10737418240,4,1,ofb,openssl-aes-128,openssl-matyas-meyer-oseas,2,19796.88
8388608,107374182400,4,1,ofb,openssl-aes-128,openssl-matyas-meyer-oseas,2,40.01
8388608,107374182400,4,1,ofb,openssl-aes-128,openssl-matyas-meyer-oseas,2,41.79
8388608,107374182400,4,1,ofb,openssl-aes-128,openssl-matyas-meyer-oseas,2,40.78
8388608,107374182400,4,1,ofb,openssl-aes-128,openssl-matyas-meyer-oseas,2,41.05
8388608,107374182400,4,1,ofb,openssl-aes-128,openssl-matyas-meyer-oseas,2,41.30
16777216,1048576,4,1,ofb,openssl-aes-128,openssl-matyas-meyer-oseas,2,22.07
16777216,1048576,4,1,ofb,openssl-aes-128,openssl-matyas-meyer-oseas,2,20.58
16777216,1048576,4,1,ofb,openssl-aes-128,openssl-matyas-meyer-oseas,2,19.95
16777216,1048576,4,1,ofb,openssl-aes-128,openssl-matyas-meyer-oseas,2,19.88
16777216,1048576,4,1,ofb,openssl-aes-128,openssl-matyas-meyer-oseas,2,19.98
16777216,10485760,4,1,ofb,openssl-aes-128,openssl-matyas-meyer-oseas,2,29.08
16777216,10485760,4,1,ofb,openssl-aes-128,openssl-matyas-meyer-oseas,2,26.68
16777216,10485760,4,1,ofb,openssl-aes-128,openssl-matyas-meyer-oseas,2,26.91
16777216,10485760,4,1,ofb,openssl-aes-128,openssl-matyas-meyer-oseas,2,26.54
16777216,10485760,4,1,ofb,openssl-aes-128,openssl-matyas-meyer-oseas,2,26.68
16777216,104857600,4,1,ofb,openssl-aes-128,openssl-matyas-meyer-oseas,2,243.84
16777216,104857600,4,1,ofb,openssl-aes-128,openssl-matyas-meyer-oseas,2,208.19
16777216,104857600,4,1,ofb,openssl-aes-128,openssl-matyas-meyer-oseas,2,209.42
16777216,104857600,4,1,ofb,openssl-aes-128,openssl-matyas-meyer-oseas,2,207.80
16777216,104857600,4,1,ofb,openssl-aes-128,openssl-matyas-meyer-oseas,2,209.72
16777216,1073741824,4,1,ofb,openssl-aes-128,openssl-matyas-meyer-oseas,2,2390.85
16777216,1073741824,4,1,ofb,openssl-aes-128,openssl-matyas-meyer-oseas,2,1983.72
16777216,1073741824,4,1,ofb,openssl-aes-128,openssl-matyas-meyer-oseas,2,1982.74
16777216,1073741824,4,1,ofb,openssl-aes-128,openssl-matyas-meyer-oseas,2,1979.22
16777216,1073741824,4,1,ofb,openssl-aes-128,openssl-matyas-meyer-oseas,2,1992.10
16777216,10737418240,4,1,ofb,openssl-aes-128,openssl-matyas-meyer-oseas,2,23856.10
16777216,10737418240,4,1,ofb,openssl-aes-128,openssl-matyas-meyer-oseas,2,19744.69
16777216,10737418240,4,1,ofb,openssl-aes-128,openssl-matyas-meyer-oseas,2,19754.77
16777216,10737418240,4,1,ofb,openssl-aes-128,openssl-matyas-meyer-oseas,2,19732.39
16777216,10737418240,4,1,ofb,openssl-aes-128,openssl-matyas-meyer-oseas,2,19881.54
16777216,107374182400,4,1,ofb,openssl-aes-128,openssl-matyas-meyer-oseas,2,47.41
16777216,107374182400,4,1,ofb,openssl-aes-128,openssl-matyas-meyer-oseas,2,44.80
16777216,107374182400,4,1,ofb,openssl-aes-128,openssl-matyas-meyer-oseas,2,44.62
16777216,107374182400,4,1,ofb,openssl-aes-128,openssl-matyas-meyer-oseas,2,43.66
16777216,107374182400,4,1,ofb,openssl-aes-128,openssl-matyas-meyer-oseas,2,44.12
33554432,1048576,4,1,ofb,openssl-aes-128,openssl-matyas-meyer-oseas,2,48.85
33554432,1048576,4,1,ofb,openssl-aes-128,openssl-matyas-meyer-oseas,2,48.09
33554432,1048576,4,1,ofb,openssl-aes-128,openssl-matyas-meyer-oseas,2,46.72
33554432,1048576,4,1,ofb,openssl-aes-128,openssl-matyas-meyer-oseas,2,47.09
33554432,1048576,4,1,ofb,openssl-aes-128,openssl-matyas-meyer-oseas,2,46.27
33554432,10485760,4,1,ofb,openssl-aes-128,openssl-matyas-meyer-oseas,2,56.42
33554432,10485760,4,1,ofb,openssl-aes-128,openssl-matyas-meyer-oseas,2,54.60
33554432,10485760,4,1,ofb,openssl-aes-128,openssl-matyas-meyer-oseas,2,54.57
33554432,10485760,4,1,ofb,openssl-aes-128,openssl-matyas-meyer-oseas,2,55.15
33554432,10485760,4,1,ofb,openssl-aes-128,openssl-matyas-meyer-oseas,2,53.98
33554432,104857600,4,1,ofb,openssl-aes-128,openssl-matyas-meyer-oseas,2,281.14
33554432,104857600,4,1,ofb,openssl-aes-128,openssl-matyas-meyer-oseas,2,244.50
33554432,104857600,4,1,ofb,openssl-aes-128,openssl-matyas-meyer-oseas,2,244.34
33554432,104857600,4,1,ofb,openssl-aes-128,openssl-matyas-meyer-oseas,2,245.41
33554432,104857600,4,1,ofb,openssl-aes-128,openssl-matyas-meyer-oseas,2,247.72
33554432,1073741824,4,1,ofb,openssl-aes-128,openssl-matyas-meyer-oseas,2,2475.32
33554432,1073741824,4,1,ofb,openssl-aes-128,openssl-matyas-meyer-oseas,2,2070.43
33554432,1073741824,4,1,ofb,openssl-aes-128,openssl-matyas-meyer-oseas,2,2056.22
33554432,1073741824,4,1,ofb,openssl-aes-128,openssl-matyas-meyer-oseas,2,2073.45
33554432,1073741824,4,1,ofb,openssl-aes-128,openssl-matyas-meyer-oseas,2,2061.63
33554432,10737418240,4,1,ofb,openssl-aes-128,openssl-matyas-meyer-oseas,2,24521.78
33554432,10737418240,4,1,ofb,openssl-aes-128,openssl-matyas-meyer-oseas,2,20612.54
33554432,10737418240,4,1,ofb,openssl-aes-128,openssl-matyas-meyer-oseas,2,20616.52
33554432,10737418240,4,1,ofb,openssl-aes-128,openssl-matyas-meyer-oseas,2,20609.47
33554432,10737418240,4,1,ofb,openssl-aes-128,openssl-matyas-meyer-oseas,2,20594.69
33554432,107374182400,4,1,ofb,openssl-aes-128,openssl-matyas-meyer-oseas,2,83.26
33554432,107374182400,4,1,ofb,openssl-aes-128,openssl-matyas-meyer-oseas,2,79.73
33554432,107374182400,4,1,ofb,openssl-aes-128,openssl-matyas-meyer-oseas,2,76.29
33554432,107374182400,4,1,ofb,openssl-aes-128,openssl-matyas-meyer-oseas,2,78.67
33554432,107374182400,4,1,ofb,openssl-aes-128,openssl-matyas-meyer-oseas,2,77.17
67108864,1048576,4,1,ofb,openssl-aes-128,openssl-matyas-meyer-oseas,2,102.37
67108864,1048576,4,1,ofb,openssl-aes-128,openssl-matyas-meyer-oseas,2,94.50
67108864,1048576,4,1,ofb,openssl-aes-128,openssl-matyas-meyer-oseas,2,95.41
67108864,1048576,4,1,ofb,openssl-aes-128,openssl-matyas-meyer-oseas,2,96.70
67108864,1048576,4,1,ofb,openssl-aes-128,openssl-matyas-meyer-oseas,2,94.05
67108864,10485760,4,1,ofb,openssl-aes-128,openssl-matyas-meyer-oseas,2,100.58
67108864,10485760,4,1,ofb,openssl-aes-128,openssl-matyas-meyer-oseas,2,102.59
67108864,10485760,4,1,ofb,openssl-aes-128,openssl-matyas-meyer-oseas,2,101.01
67108864,10485760,4,1,ofb,openssl-aes-128,openssl-matyas-meyer-oseas,2,101.05
67108864,10485760,4,1,ofb,openssl-aes-128,openssl-matyas-meyer-oseas,2,100.92
67108864,104857600,4,1,ofb,openssl-aes-128,openssl-matyas-meyer-oseas,2,299.83
67108864,104857600,4,1,ofb,openssl-aes-128,openssl-matyas-meyer-oseas,2,241.32
67108864,104857600,4,1,ofb,openssl-aes-128,openssl-matyas-meyer-oseas,2,242.56
67108864,104857600,4,1,ofb,openssl-aes-128,openssl-matyas-meyer-oseas,2,253.93
67108864,104857600,4,1,ofb,openssl-aes-128,openssl-matyas-meyer-oseas,2,253.95
67108864,1073741824,4,1,ofb,openssl-aes-128,openssl-matyas-meyer-oseas,2,2403.28
67108864,1073741824,4,1,ofb,openssl-aes-128,openssl-matyas-meyer-oseas,2,2027.96
67108864,1073741824,4,1,ofb,openssl-aes-128,openssl-matyas-meyer-oseas,2,2062.01
67108864,1073741824,4,1,ofb,openssl-aes-128,openssl-matyas-meyer-oseas,2,2055.61
67108864,1073741824,4,1,ofb,openssl-aes-128,openssl-matyas-meyer-oseas,2,2072.10
67108864,10737418240,4,1,ofb,openssl-aes-128,openssl-matyas-meyer-oseas,2,24087.25
67108864,10737418240,4,1,ofb,openssl-aes-128,openssl-matyas-meyer-oseas,2,20329.29
67108864,10737418240,4,1,ofb,openssl-aes-128,openssl-matyas-meyer-oseas,2,20278.18
67108864,10737418240,4,1,ofb,openssl-aes-128,openssl-matyas-meyer-oseas,2,20350.65
67108864,10737418240,4,1,ofb,openssl-aes-128,openssl-matyas-meyer-oseas,2,20375.88
67108864,107374182400,4,1,ofb,openssl-aes-128,openssl-matyas-meyer-oseas,2,162.78
67108864,107374182400,4,1,ofb,openssl-aes-128,openssl-matyas-meyer-oseas,2,141.58
67108864,107374182400,4,1,ofb,openssl-aes-128,openssl-matyas-meyer-oseas,2,143.14
67108864,107374182400,4,1,ofb,openssl-aes-128,openssl-matyas-meyer-oseas,2,140.10
67108864,107374182400,4,1,ofb,openssl-aes-128,openssl-matyas-meyer-oseas,2,136.14
134217728,1048576,4,1,ofb,openssl-aes-128,openssl-matyas-meyer-oseas,2,208.86
134217728,1048576,4,1,ofb,openssl-aes-128,openssl-matyas-meyer-oseas,2,197.25
134217728,1048576,4,1,ofb,openssl-aes-128,openssl-matyas-meyer-oseas,2,212.99
134217728,1048576,4,1,ofb,openssl-aes-128,openssl-matyas-meyer-oseas,2,204.64
134217728,1048576,4,1,ofb,openssl-aes-128,openssl-matyas-meyer-oseas,2,203.20
134217728,10485760,4,1,ofb,openssl-aes-128,openssl-matyas-meyer-oseas,2,208.05
134217728,10485760,4,1,ofb,openssl-aes-128,openssl-matyas-meyer-oseas,2,211.00
134217728,10485760,4,1,ofb,openssl-aes-128,openssl-matyas-meyer-oseas,2,212.22
134217728,10485760,4,1,ofb,openssl-aes-128,openssl-matyas-meyer-oseas,2,207.10
134217728,10485760,4,1,ofb,openssl-aes-128,openssl-matyas-meyer-oseas,2,211.38
134217728,104857600,4,1,ofb,openssl-aes-128,openssl-matyas-meyer-oseas,2,298.98
134217728,104857600,4,1,ofb,openssl-aes-128,openssl-matyas-meyer-oseas,2,255.88
134217728,104857600,4,1,ofb,openssl-aes-128,openssl-matyas-meyer-oseas,2,266.11
134217728,104857600,4,1,ofb,openssl-aes-128,openssl-matyas-meyer-oseas,2,256.89
134217728,104857600,4,1,ofb,openssl-aes-128,openssl-matyas-meyer-oseas,2,270.50
134217728,1073741824,4,1,ofb,openssl-aes-128,openssl-matyas-meyer-oseas,2,2444.33
134217728,1073741824,4,1,ofb,openssl-aes-128,openssl-matyas-meyer-oseas,2,2051.41
134217728,1073741824,4,1,ofb,openssl-aes-128,openssl-matyas-meyer-oseas,2,2073.30
134217728,1073741824,4,1,ofb,openssl-aes-128,openssl-matyas-meyer-oseas,2,2077.64
134217728,1073741824,4,1,ofb,openssl-aes-128,openssl-matyas-meyer-oseas,2,2082.44
134217728,10737418240,4,1,ofb,openssl-aes-128,openssl-matyas-meyer-oseas,2,23501.26
134217728,10737418240,4,1,ofb,openssl-aes-128,openssl-matyas-meyer-oseas,2,20011.38
134217728,10737418240,4,1,ofb,openssl-aes-128,openssl-matyas-meyer-oseas,2,20167.10
134217728,10737418240,4,1,ofb,openssl-aes-128,openssl-matyas-meyer-oseas,2,20169.11
134217728,10737418240,4,1,ofb,openssl-aes-128,openssl-matyas-meyer-oseas,2,19981.67
134217728,107374182400,4,1,ofb,openssl-aes-128,openssl-matyas-meyer-oseas,2,318.40
134217728,107374182400,4,1,ofb,openssl-aes-128,openssl-matyas-meyer-oseas,2,280.49
134217728,107374182400,4,1,ofb,openssl-aes-128,openssl-matyas-meyer-oseas,2,297.32
134217728,107374182400,4,1,ofb,openssl-aes-128,openssl-matyas-meyer-oseas,2,280.63
134217728,107374182400,4,1,ofb,openssl-aes-128,openssl-matyas-meyer-oseas,2,277.25
268435456,1048576,4,1,ofb,openssl-aes-128,openssl-matyas-meyer-oseas,2,416.04
268435456,1048576,4,1,ofb,openssl-aes-128,openssl-matyas-meyer-oseas,2,403.84
268435456,1048576,4,1,ofb,openssl-aes-128,openssl-matyas-meyer-oseas,2,422.97
268435456,1048576,4,1,ofb,openssl-aes-128,openssl-matyas-meyer-oseas,2,426.50
268435456,1048576,4,1,ofb,openssl-aes-128,openssl-matyas-meyer-oseas,2,426.74
268435456,10485760,4,1,ofb,openssl-aes-128,openssl-matyas-meyer-oseas,2,423.68
268435456,10485760,4,1,ofb,openssl-aes-128,openssl-matyas-meyer-oseas,2,429.95
268435456,10485760,4,1,ofb,openssl-aes-128,openssl-matyas-meyer-oseas,2,415.18
268435456,10485760,4,1,ofb,openssl-aes-128,openssl-matyas-meyer-oseas,2,428.04
268435456,10485760,4,1,ofb,openssl-aes-128,openssl-matyas-meyer-oseas,2,406.46
268435456,104857600,4,1,ofb,openssl-aes-128,openssl-matyas-meyer-oseas,2,493.48
268435456,104857600,4,1,ofb,openssl-aes-128,openssl-matyas-meyer-oseas,2,459.69
268435456,104857600,4,1,ofb,openssl-aes-128,openssl-matyas-meyer-oseas,2,489.93
268435456,104857600,4,1,ofb,openssl-aes-128,openssl-matyas-meyer-oseas,2,458.32
268435456,104857600,4,1,ofb,openssl-aes-128,openssl-matyas-meyer-oseas,2,474.45
268435456,1073741824,4,1,ofb,openssl-aes-128,openssl-matyas-meyer-oseas,2,2236.67
268435456,1073741824,4,1,ofb,openssl-aes-128,openssl-matyas-meyer-oseas,2,1871.14
268435456,1073741824,4,1,ofb,openssl-aes-128,openssl-matyas-meyer-oseas,2,1855.79
268435456,1073741824,4,1,ofb,openssl-aes-128,openssl-matyas-meyer-oseas,2,1840.57
268435456,1073741824,4,1,ofb,openssl-aes-128,openssl-matyas-meyer-oseas,2,1856.33
268435456,10737418240,4,1,ofb,openssl-aes-128,openssl-matyas-meyer-oseas,2,21244.76
268435456,10737418240,4,1,ofb,openssl-aes-128,openssl-matyas-meyer-oseas,2,17480.94
268435456,10737418240,4,1,ofb,openssl-aes-128,openssl-matyas-meyer-oseas,2,17504.78
268435456,10737418240,4,1,ofb,openssl-aes-128,openssl-matyas-meyer-oseas,2,17579.19
268435456,10737418240,4,1,ofb,openssl-aes-128,openssl-matyas-meyer-oseas,2,17581.22
268435456,107374182400,4,1,ofb,openssl-aes-128,openssl-matyas-meyer-oseas,2,648.63
268435456,107374182400,4,1,ofb,openssl-aes-128,openssl-matyas-meyer-oseas,2,543.40
268435456,107374182400,4,1,ofb,openssl-aes-128,openssl-matyas-meyer-oseas,2,546.89
268435456,107374182400,4,1,ofb,openssl-aes-128,openssl-matyas-meyer-oseas,2,568.29
268435456,107374182400,4,1,ofb,openssl-aes-128,openssl-matyas-meyer-oseas,2,540.94
536870912,1048576,4,1,ofb,openssl-aes-128,openssl-matyas-meyer-oseas,2,1420.27
536870912,1048576,4,1,ofb,openssl-aes-128,openssl-matyas-meyer-oseas,2,1394.51
536870912,1048576,4,1,ofb,openssl-aes-128,openssl-matyas-meyer-oseas,2,1394.41
536870912,1048576,4,1,ofb,openssl-aes-128,openssl-matyas-meyer-oseas,2,1396.94
536870912,1048576,4,1,ofb,openssl-aes-128,openssl-matyas-meyer-oseas,2,1396.55
536870912,10485760,4,1,ofb,openssl-aes-128,openssl-matyas-meyer-oseas,2,1405.05
536870912,10485760,4,1,ofb,openssl-aes-128,openssl-matyas-meyer-oseas,2,1405.05
536870912,10485760,4,1,ofb,openssl-aes-128,openssl-matyas-meyer-oseas,2,1401.11
536870912,10485760,4,1,ofb,openssl-aes-128,openssl-matyas-meyer-oseas,2,1392.70
536870912,10485760,4,1,ofb,openssl-aes-128,openssl-matyas-meyer-oseas,2,1411.56
536870912,104857600,4,1,ofb,openssl-aes-128,openssl-matyas-meyer-oseas,2,1496.82
536870912,104857600,4,1,ofb,openssl-aes-128,openssl-matyas-meyer-oseas,2,1450.57
536870912,104857600,4,1,ofb,openssl-aes-128,openssl-matyas-meyer-oseas,2,1451.86
536870912,104857600,4,1,ofb,openssl-aes-128,openssl-matyas-meyer-oseas,2,1454.26
536870912,104857600,4,1,ofb,openssl-aes-128,openssl-matyas-meyer-oseas,2,1452.60
536870912,1073741824,4,1,ofb,openssl-aes-128,openssl-matyas-meyer-oseas,2,3416.56
536870912,1073741824,4,1,ofb,openssl-aes-128,openssl-matyas-meyer-oseas,2,3047.85
536870912,1073741824,4,1,ofb,openssl-aes-128,openssl-matyas-meyer-oseas,2,3038.70
536870912,1073741824,4,1,ofb,openssl-aes-128,openssl-matyas-meyer-oseas,2,3056.31
536870912,1073741824,4,1,ofb,openssl-aes-128,openssl-matyas-meyer-oseas,2,3038.61
536870912,10737418240,4,1,ofb,openssl-aes-128,openssl-matyas-meyer-oseas,2,31836.93
536870912,10737418240,4,1,ofb,openssl-aes-128,openssl-matyas-meyer-oseas,2,28084.99
536870912,10737418240,4,1,ofb,openssl-aes-128,openssl-matyas-meyer-oseas,2,28124.72
536870912,10737418240,4,1,ofb,openssl-aes-128,openssl-matyas-meyer-oseas,2,28106.90
536870912,10737418240,4,1,ofb,openssl-aes-128,openssl-matyas-meyer-oseas,2,28048.85
536870912,107374182400,4,1,ofb,openssl-aes-128,openssl-matyas-meyer-oseas,2,1847.51
536870912,107374182400,4,1,ofb,openssl-aes-128,openssl-matyas-meyer-oseas,2,1658.33
536870912,107374182400,4,1,ofb,openssl-aes-128,openssl-matyas-meyer-oseas,2,1647.00
536870912,107374182400,4,1,ofb,openssl-aes-128,openssl-matyas-meyer-oseas,2,1657.49
536870912,107374182400,4,1,ofb,openssl-aes-128,openssl-matyas-meyer-oseas,2,1660.92
1073741824,1048576,4,1,ofb,openssl-aes-128,openssl-matyas-meyer-oseas,2,3985.39
1073741824,1048576,4,1,ofb,openssl-aes-128,openssl-matyas-meyer-oseas,2,3939.39
1073741824,1048576,4,1,ofb,openssl-aes-128,openssl-matyas-meyer-oseas,2,3994.09
1073741824,1048576,4,1,ofb,openssl-aes-128,openssl-matyas-meyer-oseas,2,3943.06
1073741824,1048576,4,1,ofb,openssl-aes-128,openssl-matyas-meyer-oseas,2,3972.49
1073741824,10485760,4,1,ofb,openssl-aes-128,openssl-matyas-meyer-oseas,2,3971.68
1073741824,10485760,4,1,ofb,openssl-aes-128,openssl-matyas-meyer-oseas,2,3953.56
1073741824,10485760,4,1,ofb,openssl-aes-128,openssl-matyas-meyer-oseas,2,3981.72
1073741824,10485760,4,1,ofb,openssl-aes-128,openssl-matyas-meyer-oseas,2,3965.06
1073741824,10485760,4,1,ofb,openssl-aes-128,openssl-matyas-meyer-oseas,2,3947.57
1073741824,104857600,4,1,ofb,openssl-aes-128,openssl-matyas-meyer-oseas,2,4064.82
1073741824,104857600,4,1,ofb,openssl-aes-128,openssl-matyas-meyer-oseas,2,4005.13
1073741824,104857600,4,1,ofb,openssl-aes-128,openssl-matyas-meyer-oseas,2,4006.74
1073741824,104857600,4,1,ofb,openssl-aes-128,openssl-matyas-meyer-oseas,2,4034.73
1073741824,104857600,4,1,ofb,openssl-aes-128,openssl-matyas-meyer-oseas,2,4034.03
1073741824,1073741824,4,1,ofb,openssl-aes-128,openssl-matyas-meyer-oseas,2,4849.78
1073741824,1073741824,4,1,ofb,openssl-aes-128,openssl-matyas-meyer-oseas,2,4477.22
1073741824,1073741824,4,1,ofb,openssl-aes-128,openssl-matyas-meyer-oseas,2,4482.63
1073741824,1073741824,4,1,ofb,openssl-aes-128,openssl-matyas-meyer-oseas,2,4428.22
1073741824,1073741824,4,1,ofb,openssl-aes-128,openssl-matyas-meyer-oseas,2,4444.36
1073741824,10737418240,4,1,ofb,openssl-aes-128,openssl-matyas-meyer-oseas,2,43797.17
1073741824,10737418240,4,1,ofb,openssl-aes-128,openssl-matyas-meyer-oseas,2,39997.01
1073741824,10737418240,4,1,ofb,openssl-aes-128,openssl-matyas-meyer-oseas,2,39938.39
1073741824,10737418240,4,1,ofb,openssl-aes-128,openssl-matyas-meyer-oseas,2,39892.34
1073741824,10737418240,4,1,ofb,openssl-aes-128,openssl-matyas-meyer-oseas,2,39932.39
1073741824,107374182400,4,1,ofb,openssl-aes-128,openssl-matyas-meyer-oseas,2,4856.69
1073741824,107374182400,4,1,ofb,openssl-aes-128,openssl-matyas-meyer-oseas,2,4469.95
1073741824,107374182400,4,1,ofb,openssl-aes-128,openssl-matyas-meyer-oseas,2,4451.87
1073741824,107374182400,4,1,ofb,openssl-aes-128,openssl-matyas-meyer-oseas,2,4486.44
1073741824,107374182400,4,1,ofb,openssl-aes-128,openssl-matyas-meyer-oseas,2,4475.70
2147483648,1048576,4,1,ofb,openssl-aes-128,openssl-matyas-meyer-oseas,2,9211.30
2147483648,1048576,4,1,ofb,openssl-aes-128,openssl-matyas-meyer-oseas,2,9140.42
2147483648,1048576,4,1,ofb,openssl-aes-128,openssl-matyas-meyer-oseas,2,9194.35
2147483648,1048576,4,1,ofb,openssl-aes-128,openssl-matyas-meyer-oseas,2,9172.74
2147483648,1048576,4,1,ofb,openssl-aes-128,openssl-matyas-meyer-oseas,2,9140.91
2147483648,10485760,4,1,ofb,openssl-aes-128,openssl-matyas-meyer-oseas,2,9163.70
2147483648,10485760,4,1,ofb,openssl-aes-128,openssl-matyas-meyer-oseas,2,9150.83
2147483648,10485760,4,1,ofb,openssl-aes-128,openssl-matyas-meyer-oseas,2,9150.69
2147483648,10485760,4,1,ofb,openssl-aes-128,openssl-matyas-meyer-oseas,2,9107.40
2147483648,10485760,4,1,ofb,openssl-aes-128,openssl-matyas-meyer-oseas,2,9139.00
2147483648,104857600,4,1,ofb,openssl-aes-128,openssl-matyas-meyer-oseas,2,9177.14
2147483648,104857600,4,1,ofb,openssl-aes-128,openssl-matyas-meyer-oseas,2,9200.85
2147483648,104857600,4,1,ofb,openssl-aes-128,openssl-matyas-meyer-oseas,2,9197.92
2147483648,104857600,4,1,ofb,openssl-aes-128,openssl-matyas-meyer-oseas,2,9175.60
2147483648,104857600,4,1,ofb,openssl-aes-128,openssl-matyas-meyer-oseas,2,9233.59
2147483648,1073741824,4,1,ofb,openssl-aes-128,openssl-matyas-meyer-oseas,2,10012.01
2147483648,1073741824,4,1,ofb,openssl-aes-128,openssl-matyas-meyer-oseas,2,9643.53
2147483648,1073741824,4,1,ofb,openssl-aes-128,openssl-matyas-meyer-oseas,2,9647.30
2147483648,1073741824,4,1,ofb,openssl-aes-128,openssl-matyas-meyer-oseas,2,9672.05
2147483648,1073741824,4,1,ofb,openssl-aes-128,openssl-matyas-meyer-oseas,2,9577.12
2147483648,10737418240,4,1,ofb,openssl-aes-128,openssl-matyas-meyer-oseas,2,50274.13
2147483648,10737418240,4,1,ofb,openssl-aes-128,openssl-matyas-meyer-oseas,2,46542.60
2147483648,10737418240,4,1,ofb,openssl-aes-128,openssl-matyas-meyer-oseas,2,46567.91
2147483648,10737418240,4,1,ofb,openssl-aes-128,openssl-matyas-meyer-oseas,2,46439.41
2147483648,10737418240,4,1,ofb,openssl-aes-128,openssl-matyas-meyer-oseas,2,46654.33
2147483648,107374182400,4,1,ofb,openssl-aes-128,openssl-matyas-meyer-oseas,2,10877.14
2147483648,107374182400,4,1,ofb,openssl-aes-128,openssl-matyas-meyer-oseas,2,10126.36
2147483648,107374182400,4,1,ofb,openssl-aes-128,openssl-matyas-meyer-oseas,2,10144.11
2147483648,107374182400,4,1,ofb,openssl-aes-128,openssl-matyas-meyer-oseas,2,10064.28
2147483648,107374182400,4,1,ofb,openssl-aes-128,openssl-matyas-meyer-oseas,2,10099.92
